Origin,OTUID,OTUID,Sequence,Taxonomy
Sequence,5,Sequence_5,TACGTAGGTGGCAAGCGTTGTCCGGATTTATTGGGCGTAAAGCGAGCGCAGGCGGTTTTGTAAGTCTGCTGTGAAAGCCCTCAGCTCAACTGAGGAAGTGCAGTGGAAACTACAAAACTTGAGTACAGAAGAGGAAAGTGGAACTCCATGTGTAGCGGTGAAATGCGTAGATATATGGAAGAACACCAGTGGCGAAGGCGGCTTTCTGGTCTGTTACTGACGCTGAGGCTCGAAAGCATGGGTAGCGAACAGG,
RDP,5,RDP_5,,
RDP,5,RDP_5,,
Sequence,8,Sequence_8,TACGGAGGGTGCGAGCGTTAATCGGAATTACTGGGCGTAAAGGGCACGCAGGCGGTTAATTAAGTTGGATGTGAAATCCCCGGGCTTAACCTGGGAATGGCATTCAAGACTGGTTAGCTAGAGTCTTGTAGAGGGGGGTAGAATTCCATGTGTAGCGGTGAAATGCGTAGAGATGTGGAGGAATACCGGTGGCGAAGGCGGCCCCCTGGACAGAGACTGACGCTCATGTGCGAAAGCGTGGGGAGCAAACAGG,
RDP,8,RDP_8,,
Sequence,9,Sequence_9,TACAGAGGGTGCAAGCGTTAATCGGAATTACTGGGCGTAAAGCGCGCGTAGGTGGCCATTTAAGTCAAATGTGAAATCCCCGAGCTTAACTTGGGAATTGCATTCGATACTGGGTGGCTAGAGTATAGGAGAGGAAGGTAGAATTCCAGGTGTAGCGGTGAAATGCGTAGAGATCTGGAGGAATACCGATGGCGAAGGCAGCCTTCTGGCCTAATACTGACACTGAGGTGCGAAAGCATGGGGAGCAAACAGG,
RDP,9,RDP_9,,
Sequence,18,Sequence_18,TACGGAGGGTGCAAGCGTTAATCGGAATTACTGGGCGTAAAGCGCACGCAGGCGGTTTGTTAAGTCAGATGTGAAATCCCCGGGCTCAACCTGGGAACTGCATTTGAAACTGGCAAGCTTGAGTCTTGTAGAGGGGGGTAGAATTCCAGGTGTAGCGGTGAAATGCGTAGAGATCTGGAGGAATACCGGTGGCGAAGGCGGCCCCCTGGACAAAGACTGACGCTCAGGTGCGAAAGCGTGGGGAGCAAACAGG,
RDP,18,RDP_18,,
Sequence,33,Sequence_33,TACGAAGGGTGCAAGCGTTAATCGGAATTACTGGGCGTAAAGCGCGCGTAGGTGGCTTGATAAGTTGGATGTGAAATCCCCGGGCTCAACCTGGGAACTGCATCCAAAACTGTCTGGCTAGAGTGTGGTAGAGGGTAGTGGAATTTCCAGTGTAGCGGTGAAATGCGTAGATATTGGAAGGAACACCAGTGGCGAAGGCGACTACCTGGACTAACACTGACACTGAGGTGCGAAAGCGTGGGGAGCAAACAGG,
RDP,33,RDP_33,,
Sequence,35,Sequence_35,TACGGAGGGTGCAAGCGTTAATCGGAATTACTGGGCGTAAAGCGCACGCAGGCGGTCTGTTAAGTCAGATGTGAAATCCCCGGGCTTAACCTGGGAACTGCATTTGAAACTGGCAGGCTTGAGTCTTGTAGAGGGGGGTAGAATTCCAGGTGTAGCGGTGAAATGCGTAGAGATCTGGAGGAATACCGGTGGCGAAGGCGGCCCCCTGGACAAAGACTGACGCTCAGGTGCGAAAGCGTGGGGAGCAAACAGG,
RDP,35,RDP_35,,
Sequence,37,Sequence_37,TACGGAGGGGGCTAGCGTTGTTCGGAATTACTGGGCGTAAAGCGCACGTAGGCGGCTTTGTAAGTCAGAGGTGAAAGCCTGGAGCTCAACTCCAGAACTGCCTTTGAGACTGCATCGCTTGAATCCAGGAGAGGTCAGTGGAATTCCGAGTGTAGAGGTGAAATTCGTAGATATTCGGAAGAACACCAGTGGCGAAGGCGGCTGACTGGACTGGTATTGACGCTGAGGTGCGAAAGCGTGGGGAGCAAACAGG,
RDP,37,RDP_37,,
Sequence,40,Sequence_40,TACGAAGGGGGCTAGCGTTGCTCGGAATGACTGGGCGTAAAGGGCGCGTAGGCGGTTTAAGCAGTCAGATGTGAAATCCCCGGGCTTAACCTGGGAACTGCATTTGAGACGCTTAGACTAGAGTTCGAGAGAGGGTTGTGGAATTCCCAGTGTAGAGGTGAAATTCGTAGATATTGGGAAGAACACCGGTGGCGAAGGCGGCAACCTGGCTCGATACTGACGCTGAGGCGCGAAAGCGTGGGGAGCAAACAGG,
RDP,40,RDP_40,,
Sequence,75,Sequence_75,TACGTAGGGTGCAAGCGTTAATCGGAATTACTGGGCGTAAAGCGTGCGCAGGCGGTTTTGTAAGTCTGTCGTGAAAGCCCCGGGCTCAACCTGGGAATTGCGATGGAGACTGCAAGGCTTGAATCTGGCAGAGGGGGGTAGAATTCCACGTGTAGCAGTGAAATGCGTAGAGATGTGGAGGAACACCGATGGCGAAGGCAGCCCCCTGGGTCAAGATTGACGCTCATGCACGAAAGCGTGGGGAGCAAACAGG,
RDP,75,RDP_75,,
Sequence,82,Sequence_82,TACGAAGGGGGCTAGCGTTGCTCGGAATGACTGGGCGTAAAGGGCGCGTAGGCTGTTTGTACAGTCAGATGTGAAATCCCCGGGCTTAACCTGGGAACTGCATTTGATACGTACAGACTAGAGTCCGAGAGAGGGTTGTGGAATTCCCAGTGTAGAGGTGAAATTCGTAGATATTGGGAAGAACACCGGTTGCGAAGGCGGCAACCTGGCTCGGTACTGACGCTGAGGCGCGAAAGCGTGGGGAGCGAACAGG,
RDP,82,RDP_82,,
Sequence,97,Sequence_97,TACGTAGGGTGCAAGCGTTGTCCGGAATTATTGGGCGTAAAGAGCTCGTAGGCGGTTTGTCGCGTCTGCTGTGAAATCCCGAGGCTCAACCTCGGGCTTGCAGTGGGTACGGGCAGACTAGAGTGCGGTAGGGGAGATTGGAATTCCTGGTGTAGCGGTGGAATGCGCAGATATCAGGAGGAACACCGATGGCGAAGGCAGATCTCTGGGCCGTAACTGACGCTGAGGAGCGAAAGCATGGGGAGCGAACAGG,
RDP,97,RDP_97,,
Sequence,99,Sequence_99,TACGTAGGGGGCAAGCGTTGTCCGGAATTATTGGGCGTAAAGCGCGCGCAGGCGGCTTTTTAAGTCCGGTGTCACAGCCCAAGGCTCAACCTTGGGTCGCACTGGAAACTGGAGAGCTTGAGTACAGAAGAGGAAAGTGGAATTCCACGTGTAGCGGTGAAATGCGTAGAGATGTGGAGGAACACCAGTGGCGAAGGCGACTTTCTGGGCTGTAACTGACGCTGAGGCGCGAAAGCGTGGGGAGCAAACAGG,
RDP,99,RDP_99,,
Sequence,103,Sequence_103,TACGAAGGGGGCTAGCGTTGCTCGGAATCACTGGGCGTAAAGGGCGCGTAGGCGGCGTTTTAAGTCGGGGGTGAAAGCCTGTGGCTCAACCACAGAATGGCCTTCGATACTGGGACGCTTGAGTATGGTAGAGGTTGGTGGAACTGCGAGTGTAGAGGTGAAATTCGTAGATATTCGCAAGAACACCGGTGGCGAAGGCGGCCAACTGGACCATTACTGACGCTGAGGCGCGAAAGCGTGGGGAGCAAACAGG,
RDP,103,RDP_103,,
Sequence,117,Sequence_117,TACGAAGGGGGCTAGCGTTGTTCGGAATTACTGGGCGTAAAGCGCACGTAGGCGGACATTTAAGTCAGGGGTGAAATCCCGGGGCTCAACCCCGGAACGGCCTTTGATACTGGGTGTCTTGAGTTCGGAAGAGGTGAGTGGAATTGCGAGTGTAGAGGTGAAATTCGTAGATATTCGCAGGAACACCAGTGGCGAAGGCGGCTCACTGGTCCGATACTGACGCTGAGGTGCGAAAGCGTGGGGAGCAAACAGG,
RDP,117,RDP_117,,