Name,Sequence
S000021808 Curtobacterium citreum (T); DSM 20528; X77436,GACGAACGCTGGCGGCGTGCTTAACACATGCAAGTCGAACGatgatgcccagcttgctgggtggattAGTGGCGAACGGGTGAGTAACACGTGAGTAACCTGCCCCTGACTCTGGGATAAGCGTTGGAAACGACGTCTAATACTGGATATGACTGCCGGCCGCATGGTCtGGTGGTgGAAAGAttttTTGGTTGGGGATGGACTCGCGGCCTATCAGCTTGTTGGTGAGGTAATGGCTCACCAAGGCGACGACGGGTAGCCGGCCTGAGAGGGTGACCGGCCACACTGGGACTGAGACACGGCCCAGACTCCTACGGGAGGCAGCAGTGGGGAATATTGCACAATGGGCGAAAGCCTGATGCAGCAACGCCGCGTGAGGGATGACGGCCTTCGGGTTGTAAACCTCTTTTAGTAGGGAAGAagcgtaagTGACGGTACCTGCAGAAAAAGCACCGGCTAACTACGTGCCAGCAGCCGCGGTAATACGTAGGGTGCAAGCGTTGTCCGGAATTATTGGGCGTAAAGAGCTCGTAGGCGGTTTGTCGCGTCTGCTGTGAAATCCCGAGGCTCAACCTCGGGCTTGCAGTGGGTACGGGCAGACTAGAGTGCGGTAGGGGAGATTGGAATTCCTGGTGTAGCGGTGGAATGCGCAGATATCAGGAGGAACACCGATGGCGAAGGCAGATCTCTGGGCCGTAACTGACGCTGAGGAGCGAAAGCGTGGGGAGCGAACAGGATTAGATACCCTGGTAGTCCACGCCGTAAACGTTGGGCGCTAGATGTAGGGAcctttccacggTTTCTGTGTCGTAGCTAACGCATTAAGCGCCCCGCCTGGGGAGTACGGCCGCAAGGCTAAAACTCAAAGGAATTGACGGGGGCCCGCACAAGCGGCGGAGCATGCGGATTAATTCGATGCAACGCGAAGAACCTTACCAAGGCTTGACATACACCGgAAACGGCCAGAGATGGTTGCccccttgtggtCGGTGTACAGGTGGTGCATGGTTGTCGTCAGCTCGTGTCGTGAGATGTTGGGTTAAGTCCCGCAACGAGCGCAACCCTCGTTCTATGTTGCCAGCGcgttatggCGGGGACTCATAGGAGACTGCCGGGGTCAACTCGGAGGAAGGTGGGGATGACGTCAAATCATCATGCCCCTTATGTCTTGGGCTTCACGCATGCTACAATGGCCGGTACAAAGGGCTGCGATACCGTAAGGTGGAGCGAATCCCAAAAAGCCGGTCTCAGTTCGGATTGAGGTCTGCAACTCGACCTCATGAAGTCGGAGTCGCTAGTAATCGCAGATCAGCaACGCTGCGGTGAATACGTTCCCGGGCCTTGTACACACCGCCCGTCAAGTCATGAAAGTCGGTAACACCCGAAGCCGGTggcctaacccttgtggaaggaGCCGTCGAAGGTGGGATCGGTGATTAGGACTAAGTCGTAACAAGGTAGCCGTACCGGAA
S000351464 Curtobacterium herbarum (T); P 420/07; AJ310413,AGAGTTTGATCCTGGCTCAGGACGAACGCTGGCGGCGTGCTTAACACATGCAAGTCGAACGatgatcaggagcttgctcctgtgattAGTGGCGAACGGGTGAGTAACACGTGAGTAACCTGCCCCTGACTCTGGGATAAGCGTTGGAAACGACGTCTAATACTGGATATGATCACTGGTCGCATGGCCtGGTGGTgGAAAGAttttTTGGTTGGGGATGGACTCGCGGCCTATCAGCTTGTTGGTGAGGTAATGGCTCACCAAGGCGACGACGGGTAGCCGGCCTGAGAGGGTGACCGGCCACACTGGGACTGAGACACGGCCCAGACTCCTACGGGAGGCAGCAGTGGGGAATATTGCACAATGGGCGAAAGCCTGATGCAGCAACGCCGCGTGAGGGATGACGGCCTTCGGGTTGTAAACCTCTTTTAGTAGGGAAGAagggggcttcggttctTGACGGTACCTGCAGAAAAAGCACCGGCTAACTACGTGCCAGCAGCCGCGGTAATACGTAGGGTGCAAGCGTTGTCCGGAATTATTGGGCGTAAAGAGCTCGTAGGCGGTTTGTCGCGTCTGCTGTGAAATCCCGAGGCTCAACCTCGGGCTTGCAGTGGGTACGGGCAGACTAGAGTGCGGTAGGGGAGATTGGAATTCCTGGTGTAGCGGTGGAATGCGCAGATATCAGGAGGAACACCGATGGCGAAGGCAGATCTCTGGGCCGTAACTGACGCTGAGGAGCGAAAGCATGGGGAGCGAACAGGATTAGATACCCTGGTAGTCCATGCCGTAAACGTTGGGCGCTAGATGTAGGGAcctttccacggTTTCTGTGTCGTAGCTAACGCATTAAGCGCCCCGCCTGGGGAGTACGGCCGCAAGGCTAAAACTCAAAGGAATTGACGGGGGCCGCACAAGCGGCGGAGCATGCGGATTAATTCGATGCAACGCGAAGAACCTTACCAAGGCTTGACATACACCGgAAACGGCCAGAGATGGTCGCccccttgtggtCGGTGTACAGGTGGTGCATGGTTGTCGTCAGCTCGTGTCGTGAGATGTTGGGTTAAGTCCCGCAACGAGCGCAACCCTCGTTCTATGTTGCCAGCGggttatgcCGGGGACTCATAGGAGACTGCCGGGGTCAACTCGGAGGAAGGTGGGGATGACGTCAAATCATCATGCCCCTTATGTCTTGGGCTTCACGCATGCTACAATGGCCGGTACAAAGGGCTGCGATACCGTAAGGTGGAGCGAATCCCAAAAAGCCGGTCTCAGTTCGGATTGAGGTCTGCAACTCGACCTCATGAAGTCGGAGTCGCTAGTAATCGCAGATCAGCaACGCTGCGGTGAATACGTTCCCGGGCCTTGTACACACCGCCCGTCAAGTCATGAAAGTCGGTAACACCCGAAGCCGGTggcctaacccttgtgggaggaGCCGTCGAAGGTGGGATCGGTGATTAGGACTAAGTCGTAACAAGGTAGCGTACCGGAAGGTGCGGCTGGATCACCTCCTT
S000351476 Curtobacterium flaccumfaciens (T); LMG 3645 (Type); AJ312209,AGAGTTTGATCCTGGCTCAGGACGAACGCTGGCGGCGTGCTTAACACATGCAAGTCGAACGatgatgcccagcttgctgggtggattAGTGGCGAACGGGTGAGTAACACGTGAGTAACCTGCCCCTGACTCTGGGATAAGCGTTGGAAACGACGTCTAATACTGGATATGATCACTGGCCGCATGGTCtGGTGGTgGAAAGAttttTTGGTTGGGGATGGACTCGCGGCCTATCAGCTTGTTGGTGAGGTAATGGCTCACCAAGGCGACGACGGGTAGCCGGCCTGAGAGGGTGACCGGCCACACTGGGACTGAGACACGGCCCAGACTCCTACGGGAGGCAGCAGTGGGGAATATTGCACAATGGGCGAAAGCCTGATGCAGCAACGCCGCGTGAGGGATGACGGCCTTCGGGTTGTAAACCTCTTTTAGTAGGGAAGAagcgaaagTGACGGTACCTGCAGAAAAAGCACCGGCTAACTACGTGCCAGCAGCCGCGGTAATACGTAGGGTGCAAGCGTTGTCCGGAATTATTGGGCGTAAAGAGCTCGTAGGCGGTTTGTCGCGTCTGCTGTGAAATCCCGAGGCTCAACCTCGGGCTTGCAGTGGGTACGGGCAGACTAGAGTGCGGTAGGGGAGATTGGAATTCCTGGTGTAGCGGTGGAATGCGCAGATATCAGGAGGAACACCGATGGCGAAGGCAGATCTCTGGGCCGTAACTGACGCTGAGGAGCGAAAGCATGGGGAGCGAACAGGATTAGATACCCTGGTAGTCCATGCCGTAAACGTTGGGCGCTAGATGTAGGGAcctttccacggTTTCTGTGTCGTAGCTAACGCATTAAGCGCCCCGCCTGGGGAGTACGGCCGCAAGGCTAAAACTCAAAGGAATTGACGGGGGCCCGCACAAGCGGCGGAGCATGCGGATTAATTCGATGCAACGCGAAGAACCTTACCAAGGCTTGACATACACCGgAAACGGCCAGAGATGGTCGCccccttgtggtCGGTGTACAGGTGGTGCATGGTTGTCGTCAGCTCGTGTCGTGAGATGTTGGGTTAAGTCCCGCAACGAGCGCAACCCTCGTTCTATGTTGCCAGCGggttatgcCGGGGACTCATAGGAGACTGCCGGGGTCAACTCGGAGGAAGGTGGGGATGACGTCAAATCATCATGCCCCTTATGTCTTGGGCTTCACGCATGCTACAATGGCCGGTACAAAGGGCTGCGATACCGTAAGGTGGAGCGAATCCCAAAAAGCCGGTCTCAGTTCGGATTGAGGTCTGCAACTCGACCTCATGAAGTCGGAGTCGCTAGTAATCGCAGATCAGCaACGCTGCGGTGAATACGTTCCCGGGCCTTGTACACACCGCCCGTCAAGTCATGAAAGTCGGTAACACCCGAAGCCGGTggcctaacccttgtggaaggaGCCGTCGAAGGTGGGATCGGTGATTAGGACTAAGTCGTAACAAGGTAGCCGTACCGGAAGGTGCGGCTGGATCACCTCCTT
S000728612 Aureimonas ureilytica (T); 5715S12; DQ883810,GGCTTAACACATGCAAGTCGAGCGccccgcaaggggAGCGGCAGACGGGTGAGTAACGCGTGGGAATCTACCCTGATCTGCGGAATAGCTCCGGGAAACTGGAATTAATACCGCATGTGCCCTGAGGGGCAAAGAtttaTCGGTTCAGGATGAGCCCGCGTCCGATTAGCTAGTTGGTGGGGTAAAGGCCTACCAAGGCGACGATCGGTAGCTGGTCTAAGAGGATGATCAGCCACATTGGGACTGAGACACGGCCCAAACTCCTACGGGAGGCAGCAGTGGGGAATATTGGACAATGGGCGCAAGCCTGATCCAGCCATGCCGCGTGAGTGATGAAGGCCCTAGGGTTGTAAAGCTCTTTCAGTGGGGACGAtaaTGACGGTACCCACAGAAGAAGCCCCGGCTAACTTCGTGCCAGCAGCCGCGGTAATACGAAGGGGGCTAGCGTTGTTCGGAATTACTGGGCGTAAAGCGCACGTAGGCGGACATTTAAGTCAGGGGTGAAATCCCGGGGCTCAACCCCGGAACTGCCTTTGATACTGGGTGTCTTGAGTTCGGAAGAGGTGAGTGGAATTGCGAGTGTAGAGGTGAAATTCGTAGATATTCGCAGGAACACCAGTGGCGAAGGCGGCTCACTGGTCCGATACTGACGCTGAGGTGCGAAAGCGTGGGGAGCAAACAGGATTAGATACCCTGGTAGTCCACGCCGTAAACGATGGAAGCTAGCCGTTGGGGgatttatcTCTCGGTGGCGCAGTTAACGCATTAAGCTTCCCGCCTGGGGAGTACGGTCGCAAGATTAAAACTCAAAGGAATTGACGGGGGCCCGCACAAGCGGTGGAGCATGTGGTTTAATTCGAAGCAACGCGCAGAACCTTACCAGCCCTTGACATGCCCTGACGGCTTCAGAGATGAAGTCattccttcgggaCAGGTGCACAGGTGCTGCATGGCTGTCGTCAGCTCGTGTCGTGAGATGTTGGGTTAAGTCCCGCAACGAGCGCAACCCTCGCCCTTAGTTGCCAGCAttcagtTGGGCACTCTAGGGGGACTGCCGGTGATAAGCCGaGAGGAAGGTGGGGATGACGTCAAGTCCTCATGGCCCTTACGGGCTGGGCTACACACGTGCTACAATGGCGGTGACAATGGGCAGCCAGACTGCGAAGTCGAGCTAATCCCAAAAAGCCGTCTCAGTTCGGATTGCACTCTGCAACTCGAGTGCATGAAGTTGGAATCGCTAGTAATCGTGGATCAGCATGCCACGGTGAATACGTTCCCGGGCCTTGTACACACCGCCCGTCACACCATGGGAGTTGGTTCTACCCGAAGGCGTTgcgctaaccgcaaggaggcaGGCGAC
S003290746 Aureimonas phyllosphaerae (T); L9753; JQ346806,AGAGTTTGATCCTGGCTCAGAACGAACGCTGGCGGCAGGCTTAACACATGCAGTCGAACGccccgcamggggAGTGGCAGACGGGTGAGTAACGCGTGGGAATCTACCCTGAACTGCGGGATAGCTCCGGGAAACTGGAATTAATACCGCATGTGCCCTGAGGGGCAAAGAtttaTCGGTTCAGGATGAGCCCGCGTCCGATTAGCTAGTTGGTGGGGTAAAGGCCTACCAAGGCGACGATCGGTAGCTGGTCTAAGAGGATGATCAGCCACATTGGGACTGAGACACGGCCCAAACTCCTACGGGAGGCAGCAGTGGGGAATATTGGACAATGGGCGCAAGCCTGATCCAGCCATGCCGCGTGAGTGATGAAGGCCCTAGGGTTGTAAAGCTCTTTCACCGGGGACGAtaaTGACGGTACCCGGAGAAGAAGCCCCGGCTAACTTCGTGCCAGCAGCCGCGGTAATACGAAGGGGGCTAGCGTTGTTCGGAATTACTGGGCGTAAAGCGCACGTAGGCGGACATTTAAGTCAGgGGGTGAAATCCCGGGGCTCAACCCCGGAACGGCCTTTGATACTGGGTGTCTTGAGTTCGGaTAGAGGTGAGTGGAATTGCGAGTGTAGAGGTGAAATTCGTAGATATTCGCAGGAACACCAGTGGCGAAGGCGGCTCACTGGTcCMGATACTGACGCTGAGGTGCGAAAGCGTGGGGAGCAAACAGGATTAGATACCCTGGTAGTCCACGCCGTAAACGATGGAAGCTAGCCGTCGGGGggtttaccTTTCGGTGGCGCAGCCAACGCATTAAGCTTCCCGCCTGGGGAGTACGGTCGCAAGATTAAAACTCAAAGGAATTGACGGGGGCCCGCACAAGCGGTGGAGCATGTGGTTTAATTCGAAGCAACGCGCAGAACCTTACCAGCCCTTGACATGCCACGACGGTCTCAGAGATGAGGTCattccttcgggaCGTGGACACAGGTGCTGCATGGCTGTCGTCAGCTCGTGTCGTGAGATGTTGGGTTAAGTCCCGCAACGAGCGCAACCCTCGCCCCTAGTTGCCAGCAtttggtTGGGCACTCTAGGGGGACTGCCGGTGATAAGCCGGAGGAAGGTGGGGATGACGTCAAGTCCTCATGGCCCTTACGGGCTGGGCTACACACGTGCTACAATGGCGGTGACAGTGGGCAGCCAGCCAGCGATGGTGAGCTAATCCCCAAAAGCCGTCTCAGTTCGGATTGCACTCTGCAACTCGAGTGCATGAAGTTGGAATCGCTAGTAATCGTGGATCAGCATGCCACGGTGAATACGTTCCCGGGCCTTGTACACACCGCCCGTCACACCATGGGAGTTGGTTCTACCCGAAGGCGTTgcgctaacccgcaagggaggcaGGCGACCACGGTAGGGTCAGCGACTGGGGTGAAGTCGTAACAAGGTAACC
S004479254 Aureimonas populi (T); 4M32; KP861644,TAGAGTTTGTgAACTGGCTCAGAACGAACGCTGGCGGCAGGCTTAACACATGCAAGTCGAACGcatccttcggggtgAGTGGCAGACGGGTGAGTAACGCGTGGGAATCTACCCAACCCTACGGGATAGCTCCGGGAAACTGGAATTAATACCGTATACGCCCTTTGGGGGAAAGAtttaTCGGGGATGGATGAGCCCGCGTTGGATTAGCTAGTTGGTGGGGTAAAGGCTCACCAAGGCGACGATCCATAGCTGGTCTAAGAGGATGATCAGCCACATTGGGACTGAGACACGGCCCAAACTCCTACGGGAGGCAGCAGTGGGGAATATTGGACAATGGGCGCAAGCCTGATCCAGCCATGCCGCGTGAGTGATGAAGGCCCTAGGGTTGTAAAGCTCTTTCAGTGGGGACGAtaaTGACGGTACCCACAGAAGAAGCCCCGGCTAACTTCGTGCCAGCAGCCGCGGTAATACGAAGGGGGCTAGCGTTGTTCGGAATTACTGGGCGTAAAGCGCACGTAGGCGGACATTTAAGTCAGGGGTGAAATCCCGGGGCTCAACCCCGGAACTGCCTTTGATACTGGGTGTCTTGAGTCCGGAAGAGGTGAGTGGAATTGCGAGTGTAGAGGTGAAATTCGTAGATATTCGCAGGAACACCAGTGGCGAAGGCGGCTCACTGGTCCGGTACTGACGCTGAGGTGCGAAAGCGTGGGGAGCAAACAGGATTAGATACCCTGGTAGTCCACGCCGTAAACGATGGAAGCTAGCCGTCGGGGggtttaccTTTCGGTGGCGCAGTTAACGCATTAAGCTTCCCGCCTGGGGAGTACGGTCGCAAGATTAAAACTCAAAGGAATTGACGGGGGCCCGCACAAGCGGTGGAGCATGTGGTTTAATTCGAAGCAACGCGCAGAACCTTACCAGCTCTTGACATGCCACGaCGGTTGCCGGAGACGGCTTCcttccttcgggaCGTGGACACAGGTGCTGCATGGCTGTCGTCAGCTCGTGTCGTGAGATGTTGGGTTAAGTCCCGCAACGAGCGCAACCCTCGCCCTTAGTTGCCATCAttcagtTGGGCACTCTAGGGGGACTGCCGGTGATAAGCCGaGAGGAAGGTGGGGATGACGTCAAGTCCTCATGGCCCTTACGGGCTGGGCTACACACGTGCTACAATGGCGGTGACAATGGGCAGCCAGCCAGCGATGGTGAGCGAATCCCAAAAAGCCGTCTCAGTTCGGATTGTTCTCTGCAACTCGAGAGCATGAAGTTGGAATCGCTAGTAATCGTGGATCAGCATGCCACGGTGAATACGTTCCCGGGCCTTGTACACACCGCCCGTCACACCATGGGAGTTGGTTCTACCCGAAGATGGTgcgctaacccgcaagggaggcaGCCAGCCACGGTAGGGTCAGCGA
S000469013 Methylobacterium radiotolerans (T); JCM 2831; D32227,AGCGAACGCTGGCGGCAGGCTTAACACATGCAAGTCGAGCGggccttcgggtcAGCGGCGGACGGGTGAGTAACGCGTGGGAACGTGCCTTCTGGTTCGGAATAACCCTGGGAAACTAGGGCTAATACCGGATACGCCCTTTTGGGGAAAGGtttaCTGCCGGAAGATCGGCCCGCGTCTGATTAGCTAGTTGGTGGGGTAACGGCCTACCAAGGCGACGATCAGTAGCTGGTCTGAGAGGATGATCAGCCACACTGGGACTGAGACACGGCCCAGACTCCTACGGGAGGCAGCAGTGGGGAATATTGGACAATGGGCGCAAGCCTGATCCAGCCATGCCGCGTGAGTGATGAAGGCCTTAGGGTTGTAAAGCTCTTTTATCCGGGACGAtaaTGACGGTACCGGAGGAATAAGCCCCGGCTAACTTCGTGCCAGCAGCCGCGGTAATACGAAGGGGGCTAGCGTTGCTCGGAATCACTGGGCGTAAAGGGCGCGTAGGCGGCGTTTTAAGTCGGGGGTGAAAGCCTGTGGCTCAACCACAGAATGGCCTTCGATACTGGGACGCTTGAGTATGGTAGAGGTTGGTGGAACTGCGAGTGTAGAGGTGAAATTCGTAGATATTCGCAAGAACACCGGTGGCGAAGGCGGCCAACTGGACCATTACTGACGCTGAGGCGCGAAAGCGTGGGGAGCAAACAGGATTAGATACCCTGGTAGTCCACGCCGTAAACGATGAATGCCAGCTGTTGGGGtgcttgcaCCGCAGTAGCGCAGCTAACGCTTTGAGCATTCCGCCTGGGGAGTACGGTCGCAAGATTAAAACTCAAAGGAATTGACGGGGGCCCGCACAAGCGGTGGAGCATGTGGTTTAATTCGAAGCAACGCGCAGAACCTTACCATCCTTTGACATGGCGTGTTACCCAGAGAGATCTGGGGgtcttcggggCGCGCACACAGGTGCTGCATGGCTGTCGTCAGCTCGTGTCGTGAGATGTTGGGTTAAGTCCCGCAACGAGCGCAACCCACGTCCTTAGTTGCCATCAttcagtTGGGCACTCTAGGGAGACTGCCGGTGATAAGCCGcGAGGAAGGTGTGGATGACGTCAAGTCCTCATGGCCCTTACGGGATGGGCTACACACGTGCTACAATGGCGGTGACAGTGGGAGGCGAAGGAGCGATCTGGAGCAAATCCCCAAAAGCCGTCTCAGTTCGGATTGCACTCTGCAACTCGAGTGCATGAAGGCGGAATCGCTAGTAATCGTGGATCAGCATGCCACGGTGAATACGTTCCCGGGCCTTGTACACACCGCCCGTCACACCATGGGAGTTGGTCTTACCCGACGGCGCTgcgccaaccgcaaggaggcaGGCGACCACGGTAGGGTCAGCGACTGGGGTG
S000574692 Methylobacterium oryzae (T); CBMB20; AY683045,TCAGAGCGAACGCTGGCGGCAGGCTTAACACATGCAAGTCGAGCGgacctttcggggtcAGCGGCGGACGGGTGAGTAACGCGTGGGAACGTGCCTTCCGGTTCGGAATAACCCTGGGAAACTAGGGCTAATACCGGATACGCCCTTATGGGGAAAGGtttaCTGCCGGAAGATCGGCCCGCGTCTGATTAGCTAGTTGGTGGGGTAACGGCCTACCAAGGCGACGATCAGTAGCTGGTCTGAGAGGATGATCAGCCACACTGGGACTGAGACACGGCCCAGACTCCTACGGGAGGCAGCAGTGGGGAATATTGGACAATGGGCGCAAGCCTGATCCAGCCATGCCGCGTGAGTGATGAAGGCCTTAGGGTTGTAAAGCTCTTTTATCCGGGACGAtaaTGACGGTACCGGAGGAATAAGCCCCGGCTAACTTCGTGCCAGCAGCCGCGGTAATACGAAGGGGGCTAGCGTTGCTCGGAATCACTGGGCGTAAAGGGCGCGTAGGCGGCGTTTTAAGTCGGGGGTGAAAGCCTGTGGCTCAACCACAGAATGGCCTTCGATACTGGGACGCTTGAGTATGGTAGAGGTTGGTGGAACTGCGAGTGTAGAGGTGAAATTCGTAGATATTCGCAAGAACACCGGTGGCGAAGGCGGCCAACTGGACCATTACTGACGCTGAGGCGCGAAAGCGTGGGGAGCAAACAGGATTAGATACCCTGGTAGTCCACGCCGTAAACGATGAATGCCAGCTGTTGGGGtgcttgcaCCGCAGTAGCGCAGCTAACGCTTTGAGCATTCCGCCTGGGaGAGTACGGTCGCAAGATTAAAACTCAAAGGAATTGACGGGGGCCCGCACAAGCGGTGGAGCATGTGGTTTAATTCGAAGCAACGCGCAGAACCTTACCATCCTTTGACATGGCGTGTTACCCAGAGAGATTTGGGGtccacttcggtggCGCGCACACAGGTGCTGCATGGCTGTCGTCAGCTCGTGTCGTGAGATGTTGGGTTAAGTCCCGCAACGAGCGCAACCCACGTCCTTAGTTGCCATCAttcagtTGGGCACTCTAGGGAGACTGCCGGTGATAAGCCGcGAGGAAGGTGTGGATGACGTCAAGTCCTCATGGCCCTTACGGGATGGGCTACACACGTGCTACAATGGCGGTGACAGTGGGACGCGAAGGAGCGATCTGGAGCAAATCCCCAAAAGCCGTCTCAGTTCGGATTGCACTCTGCAACTCGAGTGCATGAAGGCGGAATCGCTAGTAATCGTGGATCAGCATGCCACGGTGAATACGTTCCCGGGCCTTGTACACACCGCCCGTCACACCATGGGAGTTGGTCTTACCCGACGGCGCTgcgccaaccgcaaggaggcaGGCGACCACGGTAGGGTCAGCGACTGGGGTGAGTCTA
S000642032 Methylobacterium mesophilicum (T); DSM 1708; AB175636,CGAACGCTGGCGGCAGGCTTAACACATGCAAGTCGAGCGggcacttcggtgtcAGCGGCGGACGGGTGAGTAACGCGTGGGAACGTGCCCTCTGGTTCGGAATAACTCAGGGAAACTTGAGCTAATACCGGATACGCCCTTTTGGGGAAAGGcttgCTGCCGGAGGATCGGCCCGCGTCTGATTAGCTAGTTGGTGAGGTAACGGCTCACCAAGGCGACGATCAGTAGCTGGTCTGAGAGGATGATCAGCCACACTGGGACTGAGACACGGCCCAGACTCCTACGGGAGGCAGCAGTGGGGAATATTGGACAATGGGCGCAAGCCTGATCCAGCCATGCCGCGTGAGTGATGAAGGCCTTAGGGTTGTAAAGCTCTTTTATCCGGGACGAtaaTGACGGTACCGGAGGAATAAGCCCCGGCTAACTTCGTGCCAGCAGCCGCGGTAATACGAAGGGGGCTAGCGTTGCTCGGAATCACTGGGCGTAAAGGGCGCGTAGGCGGCGTTTTAAGTCGGGGGTGAAAGCCTGTGGCTCAACCACAGAATGGCCTTCGATACTGGGACGCTTGAGTATGGTAGAGGTTGGTGGAACTGCGAGTGTAGAGGTGAAATTCGTAGATATTCGCAAGAACACCGGTGGCGAAGGCGGCCAACTGGACCATTACTGACGCTGAGGCGCGAAAGCGTGGGGAGCAAACAGGATTAGATACCCTGGTAGTCCACGCCGTAAACGATGAATGCCAGCTGTTGGGGtgcttgcaCCTCAGTAGCGCAGCTAACGCTTTGAGCATTCCGCCTGGGGAGTACGGTCGCAAGATTAAAACTCAAAGGAATTGACGGGGGCCCGCACAAGCGGTGGAGCATGTGGTTTAATTCGAAGCAACGCGCAGAACCTTACCATCCTTTGACATGGCGTGTTATGGGGAGAGATTCCCAGtccacttcggtggCGCGCACACAGGTGCTGCATGGCTGTCGTCAGCTCGTGTCGTGAGATGTTGGGTTAAGTCCCGCAACGAGCGCAACCCACGTCCTTAGTTGCCATCAttcagtTGGGCACTCTAGGGAGACTGCCGGTGATAAGCCGcGAGGAAGGTGTGGATGACGTCAAGTCCTCATGGCCCTTACGGGATGGGCTACACACGTGCTACAATGGCGGTGACAGTGGGACGCGAAGGGGCGACCTGGAGCAAATCCCCAAAAGCCGTCTCAGTTCGGATTGCACTCTGCAACTCGGGTGCATGAAGGCGGAATCGCTAGTAATCGTGGATCAGCATGCCACGGTGAATACGTTCCCGGGCCTTGTACACACCGCCCGTCACACCATGGGAGTTGGTCTTACCCGACGGCGCTgcgccaaccgcaaggaggcaGGCGACCACGGTAGGGTCAGCGACTGGGGTGAAGTCGTAACAAGGTAGCCGTAGGGGAACC
S000439634 Gluconobacter kondonii (T); NBRC 3266; AB178405,AGCGAACGCTGGCGGCATGCTTAACACATGCAAGTCGCACGaaggtttcggccttAGTGGCGGACGGGTGAGTAACGCGTAGGGATCTATCCACGGGTGGGGGACAACTTCGGGAAACTGGAGCTAATACCGCATGATACCTGAGGGTCAAAGGcgcaagTCGCCTGTGGAGGAACCTGCGTTCGATTAGCTAGTTGGTGGGGTAAAGGCCTACCAAGGCGATGATCGATAGCTGGTTTGAGAGGATGATCAGCCACACTGGGACTGAGACACGGCCCAGACTCCTACGGGAGGCAGCAGTGGGGAATATTGGACAATGGGGGAAACCCTGATCCAGCAATGCCGCGTGTGTGAAGAAGGTCTTCGGATTGTAAAGCACTTTCGACGGGGACGAtgaTGACGGTACCCGTAGAAGAAGCCCCGGCTAACTTCGTGCCAGCAGCCGCGGTAATACGAAGGGGGCTAGCGTTGCTCGGAATGACTGGGCGTAAAGGGCGCGTAGGCGGTTTGGACAGTCAGATGTGAAATCCCCGGGCTTAACCTGGGAACTGCATTTGATACGTCCAGACTAGAGTTCGAGAGAGGGTTGTGGAATTCCCAGTGTAGAGGTGAAATTCGTAGATATTGGGAAGAACACCGGTGGCGAAGGCGGCAACCTGGCTCGATACTGACGCTGAGGCGCGAAAGCGTGGGGAGCAAACAGGATTAGATACCCTGGTAGTCCACGCTGTAAACGATGTGTGCTGGATGTTGGGTaacttagttACTCAGTGTCGAAGCTAACGCGCTAAGCACACCGCCTGGGGAGTACGGCCGCAAGGTTGAAACTCAAAGGAATTGACGGGGGCCCGCACAAGCGGTGGAGCATGTGGTTTAATTCGAAGCAACGCGCAGAACCTTACCAGGACTTGCATGGGGAGgACCGGTTCAGAGATGGACCTttcttcggacCTCCCGCACAGGTGCTGCATGGCTGTCGTCAGCTCGTGTCGTGAGATGTTGGGTTAAGTCCCGCAACGAGCGCAACCCTTGTCTTTAGTTGCCAGCActttcaggTGGGCACTCTAGAGAGACTGCCGGTGACAAGCCGGAGGAAGGTGGGGATGACGTCAAGTCCTCATGGCCCTTATGTCCTGGGCTACACACGTGCTACAATGGCGGTGACAGTGGGAAGCTACATGGTGACATGGTGCTGATCTCTAAAAGCCGTCTCAGTTCGGATTGTACTCTGCAACTCGAGTACATGAAGGTGGAATCGCTAGTAATCGCGGATCAGCATGCCGCGGTGAATACGTTCCCGGGCCTTGTACACACCGCCCGTCACACCATGGGAGTTGGTTCGACCTTAAGCCGGTgagcgaaccgcaaggacgcaGCCGACCACGGACGGGTCAGCGACTGGGGTGAAG
S000968878 Gluconobacter japonicus (T); NBRC 3271; AB253435,AGCGAACGCTGGCGGCATGCTTAACACATGCAAGTCGCACGgatctttcgggattAGTGGCGGACGGGTGAGTAACGCGTAGGGATCTATCCATGGGTGGGGGACAACTCCGGGAAACTGGAGCTAATACCGCATGATACCTGAGGGTCAAAGGcgcaagTCGCCTGTGGAGGAACCTGCGTTCGATTAGCTAGTTGGTGGGGTAAAGGCCTACCAAGGCGATGATCGATAGCTGGTTTGAGAGGATGATCAGCCACACTGGGACTGAGACACGGCCCAGACTCCTACGGGAGGCAGCAGTGGGGAATATTGGACAATGGGCGAAAGCCTGATCCAGCAATGCCGCGTGTGTGAAGAAGGTCTTCGGATTGTAAAGCACTTTCGACGGGGACGAtgaTGACGGTACCCGTAGAAGAAGCCCCGGCTAACTTCGTGCCAGCAGCCGCGGTAATACGAAGGGGGCTAGCGTTGCTCGGAATGACTGGGCGTAAAGGGCGCGTAGGCGGTTGATGCAGTCAGATGTGAAATCCCCGGGCTTAACCTGGGAACTGCATTTGAGACGCATTGACTAGAGTTCGAGAGAGGGTTGTGGAATTCCCAGTGTAGAGGTGAAATTCGTAGATATTGGGAAGAACACCGGTGGCGAAGGCGGCAACCTGGCTCGATACTGACGCTGAGGCGCGAAAGCGTGGGGAGCAAACAGGATTAGATACCCTGGTAGTCCACGCTGTAAACGATGTGTGCTGGATGTTGGGTaacttagttACTCAGTGTCGAAGCTAACGCGCTAAGCACACCGCCTGGGGAGTACGGCCGCAAGGTTGAAACTCAAAGGAATTGACGGGGGCCCGCACAAGCGGTGGAGCATGTGGTTTAATTCGAAGCAACGCGCAGAACCTTACCAGGGCTTGCATGGGGAGgACGTACTCAGAGATGGGTATttcttcggacCTCCCGCACAGGTGCTGCATGGCTGTCGTCAGCTCGTGTCGTGAGATGTTGGGTTAAGTCCCGCAACGAGCGCAACCCTTGTCTTTAGTTGCCAGCActttcaggTGGGCACTCTAGAGAGACTGCCGGTGACAAGCCGGAGGAAGGTGGGGATGACGTCAAGTCCTCATGGCCCTTATGTCCTGGGCTACACACGTGCTACAATGGCGGTGACAGTGGGAAGCTATGTGGTGACACAGTGCTGATCTCTAAAAGCCGTCTCAGTTCGGATTGTACTCTGCAACTCGAGTACATGAAGGTGGAATCGCTAGTAATCGCGGATCAGCATGCCGCGGTGAATACGTTCCCGGGCCTTGTACACACCGCCCGTCACACCATGGGAGTTGGTTCGACCTTAAGCCGGTgagcgaaccgcaaggacgcaGCCGACCACGGACGGGTCAGCGACTGGGGTG
S001872188 Neokomagataea thailandica (T); BCC 25710; AH11; AB513363,GAGTTTGATtCCCTGCTCAGAGCGAACGCTGGCGGCATGCTTAACACATGCAAGTCGCACGgacctttcggggtgAGTGGCGGACGGGTGAGTAACGCGTAGGTATCTATCCATGGGTGGGGGATAACATTGGGAAACTGGTGCTAATACCGCATGACACCTGAGGGTCAAAGGcgcaagTCGCCTGTGGAGGAGCCTGCGTTCGATTAGCTAGTTGGTTGGGTAATGGCTGACCAAGGCGATGATCGATAGCTGGTTTGAGAGGATGATCAGCCACACTGGGACTGAGACACGGCCCAGACTCCTACGGGAGGCAGCAGTGGGGAATATTGGACAATGGGGGCAACCCTGATCCAGCAATGCCGCGTGTGTGAAGAAGGTCTTCGGATTGTAAAGCACTTTCGTTGGGGACGAtgaTGACGGTACCCAAAGAAGAAGCCCCGGCTAACTTCGTGCCAGCAGCCGCGGTAATACGAAGGGGGCTAGCGTTGCTCGGAATGACTGGGCGTAAAGGGCGCGTAGGCGGTTTAAGCAGTCAGATGTGAAATCCCCGGGCTTAACCTGGGAACTGCATTTGAGACGCTTAGACTAGAGTTCGAGAGAGGGTTGTGGAATTCCCAGTGTAGAGGTGAAATTCGTAGATATTGGGAAGAACACCGGTGGCGAAGGCGGCAACCTGGCTCGATACTGACGCTGAGGCGCGAAAGCGTGGGGAGCAAACAGGATTAGATACCCTGGTAGTCCACGCTGTAAACGATGTGTGCTGGATGTTAGGTaacttagttACTTAGTGTCGAAGCTAACGCGCTAAGCACACCGCCTGGGGAGTACGGCCGCAAGGTTGAAACTCAAAGGAATTGACGGGGGCCCGCACAAGCGGTGGAGCATGTGGTTTAATTCGAAGCAACGCGCAGAACCTTACCAGGGCTTGCATGGGGAGgCTGTAGTCAGAGATGACTATttcttcggacCTCCCGCACAGGTGCTGCATGGCTGTCGTCAGCTCGTGTCGTGAGATGTTGGGTTAAGTCCCGCAACGAGCGCAACCCTTGTCTTTAGTTGCCATCAggttgggcTGGGCACTCTAGAGAGACTGCCGGTGACAAGCCGGAGGAAGGTGGGGATGACGTCAAGTCCTCATGGCCCTTATGTCCTGGGCTACACACGTGCTACAATGGCGGTGACAGTGGGAAGCTATGTGGTGACACAGTGCTGATCTCTAAAAGCCGTCTCAGTTCGGATTGTACTCTGCAACTCGAGTACATGAAGGTGGAATCGCTAGTAATCGCGGATCAGCATGCCGCGGTGAATACGTTCCCGGGCCTTGTACACACCGCCCGTCACACCATGGGAGTTGGTTCGACCTTAAGCCGGTgagcgaaccgtaaggacgcaGCCGACCACGGACGGGTCAGCGACTGGGGTGAAGTCTAAACA
S001872189 Neokomagataea tanensis (T); BCC 25711; AH13; AB513364,GAGTTTGATtCCCGGCTCAGAGCGAACGCTGGCGGCATGCTTAACACATGCAAGTCGCACGgacctttcggggttAGTGGCGGACGGGTGAGTAACGCGTAGGTATCTATCCATGGGTGGGGGATAACATTGGGAAACTGGTGCTAATACCCCATGACACCTGAGGGTCAAAGGcgcaagTCCCCTGTGGAGGAGCCTGCGTTCGATTAGCTAGTTGGTTGGGTAATGGCTGACCAAGGCGATGATCGATAGCTGGTTTGAGAGGATGATCAGCCACACTGGGACTGAGACACGGCCCAGACTCCTACGGGAGGCAGCAGTGGGGAATATTGGACAATGGGGGCAACCCTGATCCAGCAATGCCGCGTGTGTGAAGAAGGTCTTCGGATTGTAAAGCACTTTCGTTGGGGACGAtgaTGACGGTACCCAAAGAAGAAGCCCCGGCTAACTTCGTGCCAGCAGCCGCGGTAATACGAAGGGGGCTAGCGTTGCTCGGAATGACTGGGCGTAAAGGGCGCGTAGGCGGTTTAAGCAGTCAGATGTGAAATCCCCGGGCTTAACCTGGGAACTGCATTTGAGACGCTTAGACTAGAGTTCGAGAGAGGGTTGTGGAATTCCCAGTGTAGAGGTGAAATTCGTAGATATTGGGAAGAACACCGGTGGCGAAGGCGGCAACCTGGCTCGATACTGACGCTGAGGCGCGAAAGCGTGGGGAGCAAACAGGATTAGATACCCTGGTAGTCCACGCTGTAAACGATGTGTGCTGGATGTTGGGTaacttagttACTCGGTGTTGAAGCTAACGCGCTAAGCACACCGCCTGGGGAGTACGGCCGCAAGGTTGAAACTCAAAGGAATTGACGGGGGCCCGCACAAGCGGTGGAGCATGTGGTTTAATTCGAAGCACCGCGCAGAACCTTACCAGGGCTTGCATGGGGAGgCTGTAGTCAGAGATGGCTATttcttcggacCTCCCGCACAGGTGCTGCATGGCTGTCGTCAGCTCGTGTCGTGAGATGTTGGGTTAAGTCCCGCAACGAGCGCAACCCTTGTCTTTAGTTGCCATCAggttgggcTGGGCACTCTAGAGAGACTGCCGGTGACAAGCCGGAGGAAGGTGGGGATGACGTCAAGTCCTCATGGCCCTTATGTCCTGGGCTACACACGTGCTACAATGGCGGTGACAGTGGGAAGCTATGTGGTGACACAGTGCTGATCTCTAAAAGCCGTCTCAGTTCGGATTGTACTCTGCAACTCGAGTACATGAAGGTGGAATCGCTAGTAATCGCGGATCAGCATGCCGCGGTGAATACGTTCCCGGGCCTTGTACACACCGCCCGTCACACCATGGGAGTTGGTTCGACCTTAAGCCGGTgagcgaaccgtaaggacgcaGCCGACCACGGACGGGTCAGCGACTGGGGTGAAGTCTAAACA
S000439512 Saccharibacter floricola (T); S877; AB110421,TGATCCTGGCTCAGAGCGAACGCTGGCGGCATGCTTAACACATGCAAGTCGCACGaacctttcggggttAGTGGCGGACGGGTGAGTAACGCGTAGGAACCTATCCAGAGGTGGGGGATAACACCGGGAAACTGGTGCTAATACCGCATGATACCTGAGGGTTAAAGGcttttgTTGCCTTTGGAGGGGCCTGCGTTTGATTAGCTAGTTGGTTGGGTAAAGGCTGACCAAGGCGATGATCAATAGCTGGTTTGAGAGGATGATCAGCCACACTGGGACTGAGACACGGCCCAGACTCCTACGGGAGGCAGCAGTGGGGAATATTGGACAATGGGGGCAACCCTGATCCAGCAATGCCGCGTGTGTGAAGAAGGTCTTCGGATTGTAAAGCACTTTCACTAGGGAAGAtgaTGACGGTACCTAGAGAAGAAGCCCCGGCTAACTTCGTGCCAGCAGCCGCGGTAATACGAAGGGGGCTAGCGTTGCTCGGAATGACTGGGCGTAAAGGGCGCGTAGGCGGTTTATACAGTCAGATGTGAAATCCCCGGGCTTAACCTGGGAACTGCATTTGATACGTATAGACTAGAGTCCGAGAGAGGATTGCGGAATTCCCAGTGTAGAGGTGAAATTCGTAGATATTGGGAAGAACACCAGTTGCGAAGGCGGCAATCTGGCTCGGAACTGACGCTGAGGCGCGAAAGCGTGGGGAGCGAACAGGATTAGATACCCTGGTAGTCCACGCTGTAAACGATGTGTGCTGGATGTTGGGAaacttagttTTTCAGTGTCGAAGCTAACGTGTTAAGCACACCGCCTGGGGAGTACGACCGCAAGGTTGAAACTCAAAGAAATTGACGGGGGCCCGCACAAGCGGTGGAGCATGTGGTTTAATTCGAAGCAACGCGCAGAACCTTACCAGGTCTTGTATGGGGAGgACGTGCTCAGAGATGAGTATttcttcggacCTCCCGCACAGGTGCTGCATGGCTGTCGTCAGCTCGTGTCGTGAGATGTTGGGTTAAGTCCCGCAACGAGCGCAACCCCTGTCTTTAGTTGCCATCAcgtttgggTGGGCACTCTAGAGAGACTGCCGGTGACAAGCCGGAGGAAGGTGGGGATGACGTCAAGTCCTCATGGCCCTTATGACCTGGGCTACACACGTGCTACAATGGCGGTGACAATGGGAAGCTACATGGTGACATGATGCCGATCTCAAAAAACCGTCTCAGTTCGGATTGCACTCTGCAACTCGAGTGCATGAAGGTGGAATCGCTAGTAATCGTGGATCAGCATGCCACGGTGAATACGTTCCCGGGCCTTGTACACACCGCCCGTCACACCATGGGAGTTGGTTTGACCTTAAGCCGGTgagcgaaccgcaagggcgcaGCGACCCACGGTCGGGTCAGCGACTGGGGTGAAGTCGTAACAAGGTA
S004225834 Bombella intestini (T); R52487; KJ584313,GGCTCAGAGCGAACGCTGGCGGCATGCTTAACACATGCAAGTCGCACGaatctttcgggattAGTGGCGGACGGGTGAGTAACGCGTAGGAACCTATCCAGAGGTGGGGGATAACATCGGGAAACTGGTGCTAATACCGCATGATGCCTGAGGGCCAAAGGagcaatTCGCCATTGGAGGGGCCTGCGTTCGATTAGCTAGTTGGTTAGGTAAAGGCTGACCAAGGCGATGATCGATAGCTGGTTTGAGAGGATGATCAGCCACACTGGGACTGAGACACGGCCCAGACTCCTACGGGAGGCAGCAGTGGGGAATATTGGACAATGGGGGCAACCCTGATCCAGCAATGCCGCGTGTGTGAAGAAGGTCTTCGGATTGTAAAGCACTTTCACTAGGGAAGAtgaTGACGGTACCTAGAGAAGAAGCCCCGGCTAACTTCGTGCCAGCAGCCGCGGTAATACGAAGGGGGCTAGCGTTGCTCGGAATGACTGGGCGTAAAGGGCGCGTAGGCTGTTTGTACAGTCAGATGTGAAATCCCCGGGCTTAACCTGGGAACTGCATTTGATACGTGCAGACTAGAGTCCGAGAGAGGGTTGTGGAATTCCCAGTGTAGAGGTGAAATTCGTAGATATTGGGAAGAACACCGGTTGCGAAGGCGGCAACCTGGCTCGGAACTGACGCTGAGGCGCGAAAGCGTGGGGAGCGAACAGGATTAGATACCCTGGTAGTCCACGCTGTAAACGATGTGTGCTGGATGTTGGGTaattttattACTCAGTGTCGGAGCTAACGCGTTAAGCACACCGCCTGGGGAGTACGGCCGCAAGGTTGAAACTCAAAGGAATTGACGGGGGCCCGCACAAGCGGTGGAGCATGTGGTTTAATTCGAAGCAACGCGCAGAACCTTACCAGGGCTTGCATGGGGAGgCTGTATTCAGAGATGGATATttcttcggacCTCCCGCACAGGTGCTGCATGGCTGTCGTCAGCTCGTGTCGTGAGATGTTGGGTTAAGTCCCGCAACGAGCGCAACCCTTGTCTTTAGTTGCCATCAcgtttgggTGGGCACTCTAGAGAGACTGCCGGTGACAAGCCGGAGGAAGGTGGGGATGACGTCAAGTCCTCATGGCCCTTATGTCCTGGGCTACACACGTGCTACAATGGCGGTGACAGAGGGATGCTACATGGTGACATGGTGCTGATCTCAAAAAACCGTCTCAGTTCGGATTGTACTCTGCAACTCGAGTGCATGAAGGTGGAATCGCTAGTAATCGCGGATCAGCATGCCGCGGTGAATACGTTCCCGGGCCTTGTACACACCGCCCGTCACACCATGGGAGTTGGTTTGACCTTAAGCCGGTgagcgaaccgcaaggacgcaGCCGACCACGGTCGGGTCAGCGACTGGGGTGAAGTCGTAACAAGGTAGCCGTAGGGGAACCTGCGGCT
S000334614 Sphingomonas yabuuchiae (T); GTC868; AB071955,TAGAGTTTGATCATGGCTCAGAACGAACGCTGGCGGCATGCCTAACACATGCAAGTCGAACGaggcccttcggggtttAGTGGCGCACGGGTGCGTAACGCGTGGGAATCTGCCCTTTGGTTCGGAATAACAGCTGGAAACGGCTGCTAATACCGGATGATGACGAAAGTCCAAAGAtttaTCGCCAGAGGATGAGCCCGCGTTGGATTAGGTAGTTGGTGGGGTAAAGGCCTACCAAGCCGACGATCCATAGCTGGTCTGAGAGGATGATCAGCCACACTGGGACTGAGACACGGCCCAGACTCCTACGGGAGGCAGCAGTGGGGAATATTGGACAATGGGCGAAAGCCTGATCCAGCAATGCCGCGTGAGTGATGAAGGCCCTAGGGTTGTAAAGCTCTTTTACCCGGGAAGAtaaTGACTGTACCGGGAGAATAAGCCCCGGCTAACTCCGTGCCAGCAGCCGCGGTAATACGGAGGGGGCTAGCGTTGTTCGGAATTACTGGGCGTAAAGCGCACGTAGGCGGCTTTGTAAGTCAGAGGTGAAAGCCTGGAGCTCAACTCCAGAACTGCCTTTGAGACTGCATCGCTTGAATCCAGGAGAGGTCAGTGGAATTCCGAGTGTAGAGGTGAAATTCGTAGATATTCGGAAGAACACCAGTGGCGAAGGCGGCTGACTGGACTGGTATTGACGCTGAGGTGCGAAAGCGTGGGGAGCAAACAGGATTAGATACCCTGGTAGTCCACGCCGTAAACGATGATAACTAGCTGTCCGGGcacttggtgCTTGGGTGGCGCAGCTAACGCATTAAGTTATCCGCCTGGGGAGTACGGCCGCAAGGTTAAAACTCAAAGGAATTGACGGGGGCCTGCACAAGCGGTGGAGCATGTGGTTTAATTCGAAGCAACGCGCAGAACCTTACCAGCGTTTGACATGTCCGGaCGACTGGCAGAGATGCCTTTcttcccttcggggaCTGGAACACAGGTGCTGCATGGCTGTCGTCAGCTCGTGTCGTGAGATGTTGGGTTAAGTCCCGCAACGAGCGCAACCCTCGCCTTTAGTTACCATCAtttggtTGGGTACTCTAAAGGAACCGCCGGTGATAAGCCGGAGGAAGGTGGGGATGACGTCAAGTCCTCATGGCCCTTACGCGCTGGGCTACACACGTGCTACAATGGCAACTACAGTGGGCAGCGACCCTGCGAGGGCGAGCTAATCCCCAAAAGTTGTCTCAGTTCGGATTGTTCTCTGCAACTCGAGAGCATGAAGGCGGAATCGCTAGTAATCGCGGATCAGCATGCCGCGGTGAATACGTTCCCAGGCCTTGTACACACCGCCCGTCACACCATGGGAGTTGGATTCACCcAGAAGGCGTTgcgccaacccgtaagggaagcaGGCGACCACGGTGGGTTCAGCGACTGGGGTAAGTCGTAACAAGGTAACCGTA
S000437516 Sphingomonas paucimobilis (T); ATCC 29837; U37337,TCCTGGCTCAGAACGAACGCTGGCGGCATGCCTAACACATGCAAGTCGAACGaaggcttcggccttAGTGGCGCACGGGTGCGTAACGCGTGGGAATCTGCCCTTAGGTTCGGAATAACAGCTGGAAACGGCTGCTAATACCGGATGATATCGCGAGATCAAAGAtttaTCGCCTGAGGATGAGCCCGCGTTGGATTAGGTAGTTGGTGGGGTAAAGGCCTACCAAGCCGACGATCCATAGCTGGTCTGAGAGGATGATCAGCCACACTGGGACTGAGACACGGCCCAGACTCCTACGGGAGGCAGCAGTGGGGAATATTGGACAATGGGCGAAAGCCTGATCCAGCAATGCCGCGTGAGTGATGAAGGCCCTAGGGTTGTAAAGCTCTTTTACCCGGGAAGAtaaTGACTGTACCGGGAGAATAAGCCCCGGCTAACTCCGTGCCAGCAGCCGCGGTAATACGGAGGGGGCTAGCGTTGTTCGGAATTACTGGGCGTAAAGCGCACGTAGGCGGCTTTGTAAGTCAGAGGTGAAAGCCTGGAGCTCAACTCCAGAACTGCCTTTGAGACTGCATCGCTTGAATCCAGGAGAGGTCAGTGGAATTCCGAGTGTAGAGGTGAAATTCGTAGATATTCGGAAGAACACCAGTGGCGAAGGCGGCTGACTGGACTGGTATTGACGCTGAGGTGCGAAAGCGTGGGGAGCAAACAGGATTAGATACCCTGGTAGTCCACGCCGTAAACGATGATAACTAGCTGTCCGGGcacttggtgCTTGGGTGGCGCACGTAACGCATTAAGTTATCCGCCTGGGGAGTACGGCCGCAAGGTTAAAACTCAAAGGAATTGACGGGGGCCTGCACAAGCGGTGGAGCATGTGGTTTAATTCGAAGCAACGCGCAGAACCTTACCAGCGTTTGACATGGTAGGaCGACTTCCAGAGATGGATTTcttccttcggggaCCTACACACAGGTGCTGCATGGCGGTCGTCAGCTCGTGTCGTGAGATGTTGGGTTAAGTCCCGCAACGAGCGCAACCCTCGCCTTTAGTTACCATCAtttggtTGGGTACTCTAAAGGAACCGCCGGTGATAAGCCGGAGGAAGGTGGGGATGACGTCAAGTCCTCATGGCCCTTACGCGCTGGGCTACACACGTGCTACAATGGCAACTACAGTGGGCAGCGACCCTGCGAGGGCGAGCTAATCCCCAAAAAGTTGTCTCAGTTCGGATTGTTGTCTGCAACTCGAGAGCATGAAGGCGGAATCGCTAGTAATCGCGGATCAGCATGCCGCGGTGAATACGTTCCCAGGCCTTGTACACACCGCCCGTCACACCATGGGAGTTGGATTCACCCGAAGGCGTTgcgccaacctagcaataggaagcaGGCGACCACGGTGGGTTCAGCGA
S000482861 Novosphingobium capsulatum (T); GIFU11526T; D84532,TGGCTCAGAACGAACGTTGGCGGCATGCCTAACACATGCAAGTCGAACGaaggcttcggccttAGTGGCGCACGGGTGCGTAACGCGTGGNAATCTGCCCTTAGGTTCGGAATAACAGCTGGAAACGGCTGCTAATACCGGATGATATCGCNAGATCAAAGAtttaTCGCCTGAGGATGAGCCCGCGTTGGATTAGGTAGTTGGTGGGGTAAAGGCCTACCAAGCCGACGATCCATAGCTGGTCTGAGAGGATGATCAGCCACACTGGGACTGAGACACGGCCCAGACTCCTACGGGAGGCAGCAGTGGGGAATATTGGACAATGGGCGAAAGCTTGATCCAGCAATGCCGCGTGAGTNATGAAGGCCCTAGGGTTGTAAAGCTCTTTTACCCGGGAAGAtaaTGACTTTACCGGGAGAATAAGCCCCGGCTAACTCCGTGCCAGCAGCCGCGGTAATACGGAGGGGGCTAGCGTTGTTCGGAATTACTGGGCGTAAAGCGCACGTAGGCGGCTTTGTAAGTCAGAGGTGAAAGCCTGGAGCTCAACTCCAGAACTGCCTTTGAGACTGCATCGCTTGAATCCAGGAGAGGTCAGTGGAATTCCGAGTGTAGAGGTGAAATTCGTAGATATTCGGAAGAACACCAGTGGCGAAGGCGGCTGACTGGACTGGTATTGACGCTGAGGTGCGAAAGCGTGGGGAGCAAACAGGATTAGATACCCTGGTAGTCCACGCCGTAAACGATGATAACTAGCTGTCCGGGcacttggtgCTTGGGTGGCGCACGTAACGCATTAAGTTATCCGCCTGGGGAGTACGGCCGCAAGGTTAAAACTCAAAGGAATTGACGGGGGCCTGCACAAGCGGTGGAGCATGTNNNTTAATTCGAAGCAACGCGCAGAACCTTACCAGCGTTTGACATGGTAGGaCGACTTCCAGAGATGGATTTctatccttcgggaCCTACACACAGGTGCTGCATGGCTGTCGTCAGCTCGTGTCGTGAGATNNNNNNNTAAGTCCCGCATCGANCGCAACCCTCGCCTTTAGTTACCATCAtttagtTGGGTACTCTAAAGGAACCGCCGGTGATAAGCCGGAGGAAGCTGGGGATGACGTCAAGTCCTCATGGCCCTTACGCGCTGGGCTACACACGTNCTACAATGGCAACTACAGTGGGCAGCGACCCTGCGAGGGCGAGCTAATCCCCAAAAGTTGTCTCAGTTCGGATTGTTCTCTGCAACTCGAGAGCATGAAGGCGGAATCGCTAGTAATCGCGGATCAGCATGCCGCGGTGAATACGTTCCCAGGCCTTGTACACACCGCCCGTCACACCATGGGAGTTGGATTCACCCGAAGGCGTTgcgccaacctagcaataggaAGCA
S000541014 Massilia alkalitolerans (T); YIM 31775; AY679161,AGAGTTTGATCCTGGCTCACATTGAACGCTGGCGGCATGCTTTACACATGCAAGTCGAACGgcagcacgggcttcggcctggtggcgAGTGGCGAACGGGTGAGTAATACATCGGAACGTACCCAGAAGTGGGGGATAACGCAGCGAAAGTTGCGCTAATACCGCATACGTTCTACGGAAGAAAGTgggggatcgcaagacctcATGCTTTTGGAGCGGCCGATGTCTGATTAGCTAGTTGGTAGGATAAAGGCCTACCAAGGCGACGATCAGTAGCTGGTCTGAGAGGACGACCAGCCACACTGGAACTGAGACACGGTCCAGACTCCTACGGGAGGCAGCAGTGGGGAATTTTGGACAATGGGCGCAAGCCTGATCCAGCAATGCCGCGTGAGTGAAGAAAGCCTTCGGGTTGTAAAGCTCTTTTGTCAGGGAAGAaaacggctccggctaatatctggggctaaaTGACGGTACCTGAAGAAtTAAGCACCGGCTAACTACGTGCCAGCAGCCGCGGTAATACGTAGGGTGCAAGCGTTAATCGGAATTACTGGGCGTAAAGCGTGCGCAGGCGGTTTTGTAAGTCTGTCGTGAAAGCCCCGGGCTCAACCTGGGAATTGCGATGGAGACTGCAAGGCTTGAATCTGGCAGAGGGGGGTAGAATTCCACGTGTAGCAGTGAAATGCGTAGAGATGTGGAGGAACACCGATGGCGAAGGCAGCCCCCTGGGTCAAGATTGACGCTCATGCACGAAAGCGTGGGGAGCAAACAGGATTAGATACCCTGGTAGTCCACGCCCTAAACGATGTCTACTAGTTGTCGGGTtttaattaACTTGGTAACGCAGCTAACGCGTGAAGTAGACCGCCTGGGGAGTACGGTCGCAAGATTAAAACTCAAAGGAATTGACGGGGACCCGCACAAGCGGTGGATGATGTGGATTAATTCGATGCAACGCGAAAAACCTTACCTACCCTTGACATGGAAGGAATCCTGGAGAGATCTGGGAgtgcccgaaagggaaCCTTCACACAGGTGCTGCATGGCTGTCGTCAGCTCGTGTCGTAAAATGTTGGGTTAAGTCCCGCACGAGCGCAACCCTTGTCATTAGTTGCTACGcaAGAGCACTCTACTGAGACTGCCGGTGCAAACCGGAGAAAGGTGGGGATCACGTCAAGTCCTCATGGCCCTTATGGGTAGGGCTTCACACGTCATACAATGGTACATACAGAGGCCCGCCAACCCGCGAGGGGAAGCTAATCCCAGAAAGCGTATCGTAGTCCGGATTGTAGTCCGCAACTCGACTACATGAAGTTGGAATCGTTAGTAATCGCGGATCAGCATGTCGCGGTGAATACGTTCCCGGGTCTTGTACACACCGCCCGTCACACCATGGGAGCGGGTTTTACCAGAAGTAGGTagcttaaccgcaaggagggcGCTTACCACGGTAGGATTCGTGACTGGGGTGAAGTCGTAACAAGGTAGCCGTATCGGAAGGTGCGGCTGGATCACCTCCTTaA
S000860209 Massilia brevitalea (T); byr2380; EF546777,CTGCTCAGATTGAACGCTGGCGGCATGCTTTACACATGCAAGTCGAACGgcagcgcggggcaacctggcggcgAGTGGCGAACGGGTGAGTAATATATCGGAACGTACCCAAGAGTGGGGGATAACGTAGCGAAAGTTACGCTAATACCGCATACGATCTATGGATGAAAGTgggggatcgcaagacctcATGCTCCTGGAGCGGCCGATATCTGATTAGCTAGTTGGTGAGGTAAAGGCTCACCAAGGCGACGATCAGTAGCTGGTCTGAGAGGACGACCAGCCACACTGGAACTGAGACACGGTCCAGACTCCTACGGGAGGCAGCAGTGGGGAATTTTGGACAATGGGCGCAAGCCTGATCCAGCAATGCCGCGTGAGTGAAGAAGGCCTTCGGGTTGTAAAGCTCTTTTGTCAGGGAAGAaacggtgggagctaatatctcttgctaaTGACGGTACCTGAAGAATAAGCACCGGCTAACTACGTGCCAGCAGCCGCGGTAATACGTAGGGTGCAAGCGTTAATCGGAATTACTGGGCGTAAAGCGTGCGCAGGCGGTTTTGTAAGTCTGTCGTGAAAGCCCCGGGCTCAACCTGGGAATTGCGATGGAGACTGCAAGGCTTGAATCTGGCAGAGGGGGGTAGAATTCCACGTGTAGCAGTGAAATGCGTAGAGATGTGGAGGAACACCGATGGCGAAGGCAGCCCCCTGGGTCAAGATTGACGCTCATGCACGAAAGCGTGGGGAGCAAACAGGATTAGATACCCTGGTAGTCCACGCCCTAAACGATGTCTACTAGTTGTCGGGGttttaattaACTTGGTAACGCAGCTAACGCGTGAAGTAGACCGCCTGGGGAGTACGGTCGCAAGATTAAAACTCAAAGGAATTGACGGGGACCCGCACAAGCGGTGGATGATGTGGATTAATTCGATGCAACGCGAAAAACCTTACCTACCCTTGACATGTACGGAAGGCCGGAGAGATTTGGCTgtgctcgaaagagagCCGTAACACAGGTGCTGCATGGCTGTCGTCAGCTCGTGTCGTGAGATGTTGGGTTAAGTCCCGCAACGAGCGCAACCCTTGTCATTAGTTGCTACAttcagtTGAGCACTCTAATGAGACTGCCGGTGACAAACCGGAGGAAGGTGGGGATGACGTCAAGTCCTCATGGCCCTTATGGGTAGGGCTTCACACGTCATACAATGGTACATACAGAGGGCCGCCAACCCGCGAGGGGGAGCTAATCCCAGAAAGTGTATCGTAGTCCGGATCGCAGTCTGCAACTCGACTGCGTGAAGTTGGAATCGCTAGTAATCGCGGATCAGCATGTCGCGGTGAATACGTTCCCGGGTCTTGTACACACCGCCCGTCACACCATGGGAGCGGGTTTTACCAGAAGTAGGTagcttaaccgcaaggagggcGCTACCCCGTAGATCGTGACTG
S000901781 Massilia varians (T); type strain: CCUG 35299; AM774587,ACGggcttcggcctggtggcgAGTGGCGAACGGGTGAGTAATACATCGGAACGTACCCAGAAGTGGGGGATAACGCAGCGAAAGTTGCGCTAATACCGCATACGTTCTACGGAAGAAAGTgggggatcttcggacctcATGCTTTTGGAGCGGCCGATGTCTGATTAGCTAGTTGGTGGGGTAAAGGCTCACCAAGGCGACGATCAGTAGCTGGTCTGAGAGGACGACCAGCCACACTGGAACTGAGACACGGTCCAGACTCCTACGGGAGGCAGCAGTGGGGAATTTTGGACAATGGGCGCAAGCCTGATCCAGCAATGCCGCGTGAGTGAAGAAGGCCTTCGGGTTGTAAAGCTCTTTTGTCAGGGAAGAaacggctccggctaatatccggggctaaTGACGGTACCTGAAGAATAAGCACCGGCTAACTACGTGCCAGCAGCCGCGGTAATACGTAGGGTGCAAGCGTTAATCGGAATTACTGGGCGTAAAGCGTGCGCAGGCGGTTTTGTAAGTCTGTCGTGAAAGCCCCGGGCTCAACCTGGGAATTGCGATGGAGACTGCAAGGCTTGAATCTGGCAGAGGGGGGTAGAATTCCACGTGTAGCAGTGAAATGCGTAGAGATGTGGAGGAACACCGATGGCGAAGGCAGCCCCCTGGGTCAAGATTGACGCTCATGCACGAAAGCGTGGGGAGCAAACAGGATTAGATACCCTGGTAGTCCACGCCCTAAACGATGTCTACTAGTTGTCGGGTtttaattaACTTGGTAACGCAGCTAACGCGTGAAGTAGACCGCCTGGGGAGTACGGTCGCAAGATTAAAACTCAAAGGAATTGACGGGGACCCGCACAAGCGGTGGATGATGTGGATTAATTCGATGCAACGCGAAAAACCTTACCTACCCTTGACATGGAAGGAATCCTGAAGAGATTTGGGAgtgcccgaaagggaaCCTTCACACAGGTGCTGCATGGCTGTCGTCAGCTCGTGTCGTGAGATGTTGGGTTAAGTCCCGCAACGAGCGCAACCCTTGTCATTAGTTGCTACGcaAGAGCACTCTAATGAGACTGCCGGTGACAAACCGGAGGAAGGTGGGGATGACGTCAAGTCCTCATGGCCCTTATGGGTAGGGCTTCACACGTCATACAATGGTACATACAGAGGGCCGCCAACCCGCGAGGGGGAGCTAATCCCAGAAAGTGTATCGTAGTCCGGATCGTAGTCTGCAACTCGACTACGTGAAGTTGGAATCGCTAGTAATCGCGGATCAGCATGCCGCGGTGAATACGTTCCCGGGTCTTGTACACACCGCCCGTCACACCATGGGAGCGGGTTTTACCAGAAGTAGGTaGCTTA
S000021104 Cedecea neteri (T); GTC1717; AB086230,AGAGTTTGATCATGGCTCAGATTGAACGCTGGCGGCAGGCCTAACACATGCAAGTCGAGCGgtagcacgggagagcttgctctctgcttgacgAGCGGCGGACGGGTGAGTAATGTCTGGGGATCTGCCTGATGGAGGGGGATAACTACTGGAAACGGTAGCTAATACCGCATAACGTCGCAAGACCAAAGAgggggaccttcgggcctcTTGCCATCAGATGAACCCAGATGGGATTAGCTAGTAGGTGNGGTAATGGCTCACCTAGGCGACGATCCCTAGCTGGTCTGAGAGGATGACCAGCCACACTGGAACTGAGACACGGTCCAGACTCCTACGGGAGGCAGCAGTGGGGAATATTGCACAATGGGCGCAAGCtCTGATGCAGCCATGCCGCGTGTATGAAGAAGGCCTTCGGGTTGTAAAGTACTTTCAGCGAGGAGGAaggcnttaaggttaataaccttngngatTGACGTTACTCGCAGAAGAAGCACCGGCTAACTCCGTGCCAGCAGCCGCGGTAATACGGAGGGTGCAAGCGTTAATCGGAATTACTGGGCGTAAAGCGCACGCAGGCGGTTTGTTAAGTCGGATGTGAAATCCCCGGGCTCAACCTGGGAACTGCATTCGAAACTGGCAAGCTTGAGTCTTGTAGAGGGGGGTAGAATTCCAGGTGTAGCGGTGAAATGCGTAGAGATCTGGAGGAATACCGGTGGCGAAGGCGGCCCCCTGGACAAAGACTGACGCTCAGGTGCGAAAGCGTGGGGAGCAAACAGGATTAGATACCCTGGTAGTCCACGCCGTAAACGATGTCGACTTGGAGGTTGTGcccttgaggCGTGGCTTCCGGAGCTAACGCGTTAAGTCGACCGCCTGGGGAGTACGGCCGCAAGGTTAAAACTCAAATGAATTGACGGGGGCCCGCACAAGCGGTGGAGATGTGGTTTAATTCGATGCAACGCGAAGAACCTTACCTACTCTTGACATCCAGAGAACTTTCCAGAGATGGATTGgtgccttcgggaaCTCTGAGACAGGTGCTGCATGGCTGTCGTCAGCTCGTGTTGTGAAATGTTGGGTTAAGTCCCGCAACGAGCGCAACCCTTATCCTTTGTTGCCAGCGgttcggcCGGGAACTCAAAGGAGACTGCCAGTGATAAACTGGAGGAAGGTGGGGATGACGTCAAGTCATCATGGCCCTTACGAGTAGGGCTACACACGTGCTACAATGGCGCATACAAAGAGAAGCGACCTCGCGAGAGCAAGCGGACCTCATAAAGTGCGTCGTAGTCCGGATTGGAGTCTGCAACTCGACTCCATGAAGTCGGAATCGCTAGTAATCGTAGATCAGAATGCTACGGTGAATACGTTCCCGGGCCTTGCACACACCGCCCGT
S000387364 Raoultella planticola (T); ATCC 33531T; AF129443,ATCCTGGCTCAGATTGAACGCTGGCGGCAGGCCTAACACATGCAAGTCGAGCGgtagcacagagagcttgctctcgggtgacgAGCGGCGGACGGGTGAGTAATGTCTGGGAAACTGCCTGATGGAGGGGGATAACTACTGGAAACGGTAGCTAATACCGCATAACGTCGCAAGACCAAAGTgggggaccttcgggcctcATGCCATCAGATGTGCCCAGATGGGATTAGCTAGTAGGTGGGGTAATGGCTCACCTAGGCGACGATCCCTAGCTGGTCTGAGAGGATGACCAGCCACACTGGAACTGAGACACGGTCCAGACTCCTACGGGAGGCAGCAGTGGGGAATATTGCACAATGGGCGCAAGCCTGATGCAGCCATGCCGCGTGTATGAAGAAGGCCTTCGGGTTGTAAAGTACTTTCAGCGAGGAGGAaggcgttaaggttaataaccttagcgatTGACGTTACTCGCAGAAGAAGCACCGGCTAACTCCGTGCCAGCAGCCGCGGTAATACGGAGGGTGCAAGCGTTAATCGGAATTACTGGGCGTAAAGCGCACGCAGGCGGTTTGTTAAGTCAGATGTGAAATCCCCGGGCTCAACCTGGGAACTGCATTTGAAACTGGCAAGCTTGAGTCTTGTAGAGGGGGGTAGAATTCCAGGTGTAGCGGTGAAATGCGTAGAGATCTGGAGGAATACCGGTGGCGAAGGCGGCCCCCTGGACAAAGACTGACGCTCAGGTGCGAAAGCGTGGGGAGCAAACAGGATTAGATACCCTGGTAGTCCACGCTGTAAACGATGTCGACTTGGAGGTTGTTcccttgaggAGTGGCTTCCGGAGCTAACGCGTTAAGTCGACCGCCTGGGGAGTACGGCCGCAAGGTTAAAACTCAAATGAATTGACGGGGGCCCGCACAAGCGGTGGAGCATGTGGTTTAATTCGATGCAACGCGAAGAACCTTACCTACTCTTGACATCCAGAGAACTTAGCAGAGATGCTTTGgtgccttcgggaaCTCTGAGACAGGTGCTGCATGGCTGTCGTCAGCTCGTGTTGTGAAATGTTGGGTTAAGTCCCGCAACGAGCGCAACCCTTATCCTTTGTTGCCAGCGgtccggcCGGGAACTCAAAGGAGACTGCCAGTGATAAACTGGAGGAAGGTGGGGATGACGTCAAGTCATCATGGCCCTTACGAGTAGGGCTACACACGTGCTACAATGGCATATACAAAGAGAAGCGACCTCGCGAGAGCAAGCGGACCTCATAAAGTATGTCGTAGTCCGGATTGGAGTCTGCAACTCGACTCCATGAAGTCGGAATCGCTAGTAATCGTAGATCAGAATGCTACGGTGAATACGTTCCCGGGCCTTGTACACACCGCCCGTCACACCATGGGAGTGGGTTGCAAAAGAAGTAGGTagcttaACCTTCG
S002444318 Rosenbergiella nectarea (T); 8N4; HQ284827,TGATCATGGCTCAGATTGAACGCTGGCGGCAGGCCTAACACATGCAAGTCGAACGgtaacagagagtagcttgctactctgctgacgAGTGGCGGACGGGTGAGTAATGTCTGGGGATCTGCCTGATGGAGGGGGATAACTACTGGAAACGGTAGCTAATACCGCATAATGTCGCAAGACCAAAGCgggggactttcgggcctcGCACCATCAGATGAACCCAGATGGGATTAGCTAGTAGGTAGGGTAATGGCTTACCTAGGCGACGATCCCTAGCTGGTCTGAGAGGATGACCAGCCACACTGGAACTGAGACACGGTCCAGACTCCTACGGGAGGCAGCAGTGGGGAATATTGCACAATGGGCGCAAGCCTGATGCAGCCATGCCGCGTGTATGAAGAAGGCCTTCGGGTTGTAAAGTACTTTCAGTCAGGAGGAaaggggtgtgaaattaatactttcatgcatTGACGTTACTGACAGAAGAAGCACCGGCTAACTCCGTGCCAGCAGCCGCGGTAATACGGAGGGTGCAAGCGTTAATCGGAATTACTGGGCGTAAAGCGCACGCAGGCGGTTTGTTAAGTCAGATGTGAAATCcCCCGGGCTCAACCTGGGAACTGCATTTGAAACTGGCAAGCTTGAGTCTTGTAGAGGGGGGTAGAATTCCAGGTGTAGCGGTGAAATGCGTAGAGATCTGGAGGAATACCGGTGGCGAAGGCGGCCCCCTGGACAAAGACTGACGCTCAGGTGCGAAAGCGTGGGGAGCAAACAGGATTAGATACCCTGGTAGTCCACGCCGTAAACGATGTCGACTTGGAGGCTGTTcccttgaggAGTGGCTTCCGGAGCTAACGCGTTAAGTCGACCGCCTGGGGAGTACGGCCGCAAGGTTAAAACTCAAATGAATTGACGGGGGCCCGCACAAGCGGTGGAGCATGTGGTTTAATTCGATGCAACGCGAAGAACcCTTACCTACTCTTGACATCCAGAGaAATTTAGCAGAGATGCTTTAgtgccttcgggaaCTCTGAGACAGGTGCTGCATGGCTGTCGTCAGCTCGTGTTGTGAAATGTTGGGTTAAGTCCCGCAACGAGCGCAACCCTTATCCTTTGTTGCCAGCAcgtaatggTGGGAACTCAAAGGAGACTGCCGGTGATAAACCGGAGGAAGGTGGGGATGACGTCAAGTCATCATGGCCCTTACGAGTAGGGCTACACACGTGCTACAATGGCGCATACAAAGAGAAGCGACCTCGCGAGAGCAAGCGGACCTCATAAAGTGCGTCGTAGTCCGGATTGGAGTCTGCAACTCGACTCCATGAAGTCGGAATCGCTAGTAATCGTAAATCAGAATGTTACGGTGAATACGTTCCCGGGCCTTGTACACACCGCCCGTCACACCATGGGAGTGGGTTGCAAAAGAAGTAGATagcttaaccttcgggagggcGTTTACCACTTTGTGATTCATGACTGGGGTGAAGTCGTAACAAGCTA
S000016079 Pantoea agglomerans (T); DSM 3493; AJ233423,GGCCTAACACATGCAAGTCTGACGgtagcacagaggagcttgctccttgggtgacgAGTGGCGGACGGGTGAGTAATGTCTGGGGATCTGCCCGATAGAGGGGGATAACCACTGGAAACGGTGGCTAATACCGCATAACGTCGCAAGACCAAAGAgggggaccttcgggcctcTCACTATCGGATGAACCCAGATGGGATTAGCTAGTAGGCGGGGTAATGGCCCACCTAGGCGACGATCCCTAGCTGGTCTGAGAGGATGACCAGCCACACTGGAACTGAGACACGGTCCAGACTCCTACGGGAGGCAGCAGTGGGGAATATTGCACAATGGGCGCAAGCCTGATGCAGCCATGCCGCGTGTATGAAGAAGGCCTTCGGGTTGTAAAGTACTTTCAGCGGGGAGGAaggcgatggggttaataaccttgtcgatTGACGTTACCCGCAGAAGAAGCACCGGCTAACTCCGTGCCAGCAGCCGCGGTAATACGGAGGGTGCAAGCGTTAATCGGAATTACTGGGCGTAAAGCGCACGCAGGCGGTCTGTTAAGTCAGATGTGAAATCCCCGGGCTTAACCTGGGAACTGCATTTGAAACTGGCAGGCTTGAGTCTTGTAGAGGGGGGTAGAATTCCAGGTGTAGCGGTGAAATGCGTAGAGATCTGGAGGAATACCGGTGGCGAAGGCGGCCCCCTGGACAAAGACTGACGCTCAGGTGCGAAAGCGTGGGGAGCAAACAGGATTAGATACCCTGGTAGTCCACGCCGTAAACGATGTCGACTTGGAGGTTGTTcccttgaggAGTGGCTTCCGGAGCTAACGCGTTAAGTCGACCGCCTGGGGAGTACGGCCGCAAGGTTAAAACTCAAATGAATTGACGGGGGCCCGCACAAGCGGTGGAGCATGTGGTTTAATTCGATGCAACGCGAAGAACCTTACCTACTCTTGACATCCACGGAATTTGGCAGAGATGCCTTAgtgccttcgggaaCCGTGAGACAGGTGCTGCATGGCTGTCGTCAGCTCGTGTTGTGAAATGTTGGGTTAAGTCCCGCAACGAGCGCAACCCTTATCCTTTGTTGCCAGCGattcggtCGGGAACTCAAAGGAGACTGCCGGTGATAAACCGGAGGAAGGTGGGGATGACGTCAAGTCATCATGGCCCTTACGAGTAGGGCTACACACGTGCTACAATGGCGCATACAAAGAGAAGCGACCTCGCGAGAGCAAGCGGACCTCACAAAGTGCGTCGTAGTCCGGATCGGAGTCTGCAACTCGACTCCGTGAAGTCGGAATCGCTAGTAATCGTGGATCAGAATGCCACGGTGAATACGTTCCCGGGCCTTGTACACACCGCCCGTCACACCATGGGAGTGGGTTGCAAAAGAAGTAGGTagcttaaccttcgggagggcGCTTACCACTTTGTGATTCATGACTGGGGTGAAGTCGTAACAAGGTAACCGTAGGGG
S001187453 Pantoea eucalypti (T); LMG 24197; EF688009,GGACGGGTGAGTAATGTCTGGGGATCTGCCCGATAGAGGGGGATAACCACTGGAAACGGTGGCTAATACCGCATAACGTCGCAAGACCAAAGAgggggaccttcgggcctcTCACTATCGGATGAACCCAGATGGGATTAGCTAGTAGGCGGGGTAATGGCCCACCTAGGCGACGATCCCTAGCTGGTCTGAGAGGATGACCAGCCACACTGGAACTGAGACACGGTCCAGACTCCTACGGGAGGCAGCAGTGGGGAATATTGCACAATGGGCGCAAGCCTGATGCAGCCATGCCGCGTGTATGAAGAAGGCCTTCGGGTTGTAAAGTACTTTCAGCGGGGAGGAaggcgatgnggttaataacctcatcgatTGACGTTACCCGCAGAAGAAGCACCGGCTAACTCCGTGCCAGCAGCCGCGGTAATACGGAGGGTGCAAGCGTTAATCGGAATTACTGGGCGTAAAGCGCACGCAGGCGGTCTGTTAAGTCAGATGTGAAATCCCCGGGCTTAACCTGGGAACTGCATTTGAAACTGGCAGGCTTGAGTCTTGTAGAGGGGGGTAGAATTCCAGGTGTAGCGGTGAAATGCGTAGAGATCTGGAGGAATACCGGTGGCGAAGGCGGCCCCCTGGACAAAGACTGACGCTCAGGTGCGAAAGCGTGGGGAGCAAACAGGATTAGATACCCTGGTAGTCCACGCCGTAAACGATGTCGACTTGGAGGTTGTTcccttgaggAGTGGCTTCCGGAGCTAACGCGTTAAGTCGACCGCCTGGGGAGTACGGCCGCAAGGTTAAAACTCAAATGAATTGACGGGGGCCCGCACAAGCGGTGGAGCATGTGGTTTAATTCGATGCAACGCGAAGAACCTTACCTACTCTTGACATCCAGAGAACTTAGCAGAGATGCTTTGgtgccttcgggaaCTCTGAGACAGGTGCTGCATGGCTGTCGTCAGCTCGTGTTGTGAAATGTTGGGTTAAGTCCCGCAACGAGCGCAACCCTTATCCTTTGTTGCCAGCGcgtgatggCGGGAACTCAAAGGAGACTGCCGGTGATAAACCGGAGGAAGGTGGGGATGACGTCAAGTCATCATGGCCCTTACGAGTAGGGCTACACACGTGCTACAATGGCGCATACAAAGAGAAGCGACCTCGCGAGAGCAAGCGGACCTCACAAAGTGCGTCGTAGTCCGGATCGGAGTCTGCAACTCGACTCCGTGAAGTCGGAATCGCTAGTAATCGTGGATCAGAATGCCACGGTGAATACGTTCCCGGGCCTTGTACACACCGCCCGTCACACCATGGGAGTGGGTTGCAAAAGAAGTAGGTagcttaACCTTCG
S000021583 Erwinia mallotivora (T); DSM 4565; AJ233414,TGGCTCAGATTGAACGCTGGCGGCAGGCCTAACACATGCAAGTCGAACGgtagcacaggggagcttgctccctgggtgacgAGTGGCGGACGGGTGAGTAATGTCTGGGAAACTGCCCGATGGAGGGGGATAACTACTGGAAACGGTAGCTAATACCGCATAACGTCTTCGGACCAAAGTgggggaccttcgggcctcACACCATCGGATGTGCCCAGATGGGATTAGCTGGTTGGTGAGGTAACGGCTCACCAAGGCGACGATCCCTAGCTGGTCTGAGAGGATGACCAGCCACACTGGAACTGAGACACGGTCCAGACTCCTACGGGAGGCAGCAGTGGGGAATATTGCACAATGGGCGCAAGCCTGATGCAGCCATGCCGCGTGTATGAAGAAGGCCTTCGGGTTGTAAAGTACTTTCAGCGGGGAGGAaggtggtggggttaataaccttatcaatTGACGTTACCCGCAGAAGAAGCACCGGCTAACTCCGTGCCAGCAGCCGCGGTAATACGGAGGGTGCAAGCGTTAATCGGAATTACTGGGCGTAAAGCGCACGCAGGCGGTCTGTTAAGTCAGATGTGAAATCCCCGGGCTTAACCTGGGAACTGCATTTGAAACTGGCAGGCTTGAGTCTTGTAGAGGGGGGTAGAATTCCAGGTGTAGCGGTGAAATGCGTAGAGATCTGGAGGAATACCGGTGGCGAAGGCGGCCCCCTGGACAAAGACTGACGCTCAGGTGCGAAAGCGTGGGGAGCAAACAGGATTAGATACCCTGGTAGTCCACGCCGTAAACGATGTCGATTTGGAGGTTGTGcccttgaggCGTGGCTTCCGTAGCTAACGCGTTAAATCGACCGCCTGGGGAGTACGGCCGCAAGGTTAAAACTCAAATGAATTGACGGGGGCCCGCACAAGCGGTGGAGCATGTGGTTTAATTCGATGCAACGCGAAGAACCTTACCTGGCCTTGACATCCACGGAAGACCTCAGAGATGGGGTTgtgccttcgggaaCCGTGAGACAGGTGCTGCATGGCTGTCGTCAGCTCGTGTTGTGAAATGTTGGGTTAAGTCCCGCAACGAGCGCAACCCTTATCCTTTGTTGCCATCGattcggtCGGGAACTCAAAGGAGACTGCCGGTGATAAACCGGAGGAAGGTGGGGATGACGTCAAGTCATCATGGCCCTTACGGCCAGGGCTACACACGTGCTACAATGGCGCATACAAAGAGAAGCGACCTCGCGAGAGCAAGCGGATCTCATAAAGTGCGTCGTAGTCCGGATCGGAGTCTGCAACTCGACTCCGTGAAGTCGGAATCGCTAGTAATCGTGGATCAGAATGCCACGGTGAATACGTTCCCGGGCCTTGTACACACCGCCCGTCACACCATGGGAGTGGGTTGCAAAAGAAGTAGGTagcttaaccttcgggagggcGCTTACCACTTTGTGATTCATGACTGGGGTGAAGTCGTAACAAGGTAACCGTAGGGGAACCTG
S000001277 Providencia stuartii (T); ATCC 29914; AF008581,TGATCCTGGCTCAGATTGAACGCTGGCGGCAGGCCTAACACATGCAAGTCGAGCGgtaacaggggaagcttgcttctcgctgacgAGCGGCGGACGGGTGAGTAATGTATGGGGATCTGCCCGATAGAGGGGGATAACTACTGGAAACGGTGGCTAATACCGCATAATCTCTTAGGAGCAAAGCaggggaccttagggccttGCGCTGTCGGATGAACCCATATGGGATTAGCTAGTAGGTAAGGTAATGGCTTACCTAGGCGACGATCCCTAGCTGGTCTGAGAGGATGATCAGCCACACTGGGACTGAGACACGGCCCAGACTCCTACGGGAGGCAGCAGTGGGGAATATTGCACAATGGGCGCAAGCCTGATGCAGCCATGCCGCGTGTATGAAGAAGGCCCTAGGGTTGTAAAGTACTTTCAGTCGGGAGGAaggcgttgatgttaataccatcaacgatTGACGTTACCGACAGAAGAAGCACCGGCTAACTCCGTGCCAGCAGCCGCGGTAATACGGAGGGTGCAAGCGTTAATCGGAATTACTGGGCGTAAAGCGCACGCAGGCGGTTAATTAAGTTAGATGTGAAATCCCCGGGCTTAACCTGGGAATGGCATCTAAGACTGGTTAGCTAGAGTCTTGTAGAGGGGGGTAGAATTCCATGTGTAGCGGTGAAATGCGTAGAGATGTGGAGGAATACCGGTGGCGAAGGCGGCCCCCTGGACAAAGACTTACGCTCAGGTGCGAAAGCGTGGGGAGCAAACAGGATTAGATACCCTGGTAGTCCACGCTGTAAACGATGTCGATTTGGAGGTTGTTccctagaggAGTGGCTTCCGGAGCTAACGCGTTAAATCGACCGCCTGGGGAGTACGGCCGCAAGGTTAAAACTCAAATGAATTGACGGGGGCCCGCACAAGCGGTGGAGCATGTGGTTTAATTCGATGCAACGCGAAGAACCTTACCTACTCTTGACATCCAGAGAATTTAGCAGAGATGCTTTAgtgccttcgggagCTCTGAGACAGGTGCTGCATGGCTGTCGTCAACTCGTGTTGTGAAATGTTGGGTTAAGTCCCGCAACGAGCGCAACCCTTATCCTTTGTTGCCAGCGattcggtCGGGAACTCAAAGGAGACTGCCGGTGATAAACCGGAGGAAGGTGGGGATGACGTCAAGTCATCATGGCCCTTACGAGTAGGGCTACACACGTGCTACAATGGCGTATACAAAGAGAAGCGACCTCGCGAGAGCAAGCGGAACTCATAAAGTACGTCGTAGTCCGGATTGGAGTCTGCAACTCGACTCCATGAAGTCGGAATCGCTAGTAATCGTAGATCAGAATGCTACGGTGAATACGTTCCCGGGCCTTGTACACACCGCCCGTCACACCATGGGAGTGGGTTGCAAAAGAAGTAGGTagcttaaccttcgggagggcGCTTACCACTTTGTGATCCATGACTGGGGTGAAGTCGTAACAAGGTAGC
S003277977 Providencia thailandensis (T); C1112; HQ888847,GGCCTAACACATGCAAGTCGAGCGgtaacaggggaagcttgcttctcgctgacgAGCGGCGGACGGGTGAGTAATGTATGGGGATCTGCCCGATAGAGGGGGATAACTACTGGAAACGGTGGCTAATACCGCATAATCTCTTAGGAGCAAAGCaggggaccttcgggccttGCGCTGTCGGATGAACCCATATGGGATTAGCTAGTAGGTAAGGTAATGGCTTACCTAGGCGACGATCCCTAGCTGGTCTGAGAGGATGATCAGCCACACTGGGACTGAGACACGGCCCAGACTCCTACGGGAGGCAGCAGTGGGGAATATTGCACAATGGGCGCAAGCCTGATGCAGCCATGCCGCGTGTATGAAGAAGGCCCTAGGGTTGTAAAGTACTTTCAGTCGGGAGGAaggcgttgatgttaataccatcaacgatTGACGTTACCGACAGAAGAAGCACCGGCTAACTCCGTGCCAGCAGCCGCGGTAATACGGAGGGTGCAAGCGTTAATCGGAATTACTGGGCGTAAAGCGCACGCAGGCGGTTAATTAAGTTAGATGTGAAATCCCCGGGCTTAACCTGGGAATGGCATCTAAGACTGGTTAGCTAGAGTCTTGTAGAGGGGGGTAGAATTCCATGTGTAGCGGTGAAATGCGTAGAGATGTGGAGGAATACCGGTGGCGAAGGCGGCCCCCTGGACAAAGACTGACGCTCAGGTGCGAAAGCGTGGGGAGCAAACAGGATTAGATACCCTGGTAGTCCACGCTGTAAACGATGTCGATTTGGAGGTTGTTccctagaggAGTGGCTTCCGGAGCTAACGCGTTAAATCGACCGCCTGGGGAGTACGGCCGCAAGGTTAAAACTCAAATGAATTGACGGGGGCCCGCACAAGCGGTGGAGCATGTGGTTTAATTCGATGCAACGCGAAGAACCTTACCTACTCTTGACATCCAGAGAATTTAGCAGAGATGCTTAAgtgccttcgggaaCTCTGAGACAGGTGCTGCATGGCTGTCGTCAGCTCGTGTTGTGAAATGTTGGGTTAAGTCCCGCAACGAGCCCAACCCTTATCCTTTGTTCCCAGCGattcggtCGGGAACTCAAAGGAGACTGCCGGTGATAAACCGGAGGAAGGTGGGGATGACGTCAAGTCATCATGGCCCTTACGAGTAGGGCTACACACCTGCTACAATGCCGTATACAAAGAGAAGCGACCTCGCGAGAGCAAGCGGAACTCATAAACTACGTCCTAGTCCGGATTGGAGTCTGCAACTCGACTCCATGAAGTCGGAATCGCTAATAATCCTAGATCAGAATGCTACGGTGAATACGTTCCCGGGCCTTGTACACACCGCCCGTCACACCATGGGAGTGGGTTGCAAAAGAAGTAGGTagcttaaccttcgggagggcGCTTACCACTTTGTGATTC
S000404964 Arsenophonus nasoniae (T); ATCC 49151; AY264674,AACGCTGGCGGCAGGCCTAACACATGCAAGTCGAGCGgcagcgggagaaagcttgctttcttgccggcgAGCGGCGGACGGGTGAGTAAGGTATGGGGATCTGGCCGAAGGCGGGGGATAACCACTGGAAACGGTGGCTAATACCGCATAATCTCTAAGGAGCAAAGTgggggaccttctggcctcACACCTTCGGATGAACCCATATGAGATTAGCTAGTAGGTGGGGTAAAGGCTCACCTAGGCGACGATCTCTAGCTGGTCTGAGAGGATGATCAGCCACACTGGGACTGAGACACGGCCCAGACTCCTACGGGAGGCAGCAGTGGGGAATATTGCACAATGGGCGCAAGCCTGATGCAGCCATGCCGCGTGTATGAAGAAGGCCTTCGGGTTGTAGAGTACTTTCAGTCGTGAGGAaggtgttaaggttaataagcttagcaatTGACGTTAGCGACAGAAGAAGCACCGGCTAACTCCGTGCCAGCAGCCGCGGTAATACGGAGGGTGCGAGCGTTAATCGGAATTACTGGGCGTAAAGGGCACGCAGGCGGTTAATTAAGTTGGATGTGAAATCCCCGGGCTTAACCTGGGAATGGCATTCAAGACTGGTTAGCTAGAGTCTTGTAGAGGGGGGTAGAATTCCATGTGTAGCGGTGAAATGCGTAGAGATGTGGAGGAATACCGGTGGCGAAGGCGGCCCCCTGGACAAAGACTGACGCTCATGTGCGAAAGCGTGGGGAGCAAACAGGATTAGATACCCTGGTAGTCCACGCTGTAAACGATGTCGATTTGGAGGCTGTGgtcaagaacTGTGGCCTCCGGAGCTAACGCGTTAAATCGACCGCCTGGGGAGTACGGCCGCAAGGTTAAAACTCAAATGAATTGACGGGGGCCCGCACAAGCGGTGGAGCATGTGGTTTAATTCGATGCAACGCGAAGAACCTTACCTACTCTTGACATCCAGAGAAGCTTTTAGAGATAAAGGCgtgccttcgggaaCTTTGAGACAGGTGCTGCATGGCTGTCGTCAGCTCGTGTTGTGAAATGTTGGGTTAAGTCCCGCAACGAGCGCAACCCTTATCCTTTGTTGCCAGCGatacggtCGGGAACTCAAAGGAGACTGCCGGTGATAAACCGGAGGAAGGTGGGGATGACGTCAAGTCATCATGGCCCTTACGAGTAGGGCTACACACGTGCTACAATGGCGTATACAGAGAGAGGCGAGCCTGCGAGGGGAAGCGGAACTCAGAAAGTACGTCGAAGTCCGGATTGGAGTCTGCAACTCGACTCCATGAAGTCGGAATCGCTAGTAATCGCGGATCAGCATGTCGCGGTGAATACGTTCCCGGGCCTTGTACACACCGCCCGTCACACCATGGGAGTGGGTTGCAAAAGAAGTAGGTagcttaaccttcgggatggcGCTTACCACTTTGTGATTCATGACTGGGGTGAAGTCGTAACAAGGTAACCGTAGGGGAACCTGCGGTTGGATCACCTCCTTA
S003291669 Acinetobacter nectaris (T); SAP 763.2; JQ771132,AGAGTTTGATCATGGCTCAGATTGAACGCTGGCGGCAGGCTTAACACATGCAAGTCGAGCGggggattgtagcttgctacatgacctAGCGGCGGACGGGTGAGTAATACTTAGGAATCTGCCTATTAGTGGGGGACAACGTTCCGAAAGGAGCGCTAATACCGCATACGCCCTACGGGGGAAAGCaggggatcttcggaccttGCGCTAATAGATGAGCCTAAGTCGGATTAGCTAGTTGGTAGGGTAAAGGCCTACCAAGGCGACGATCTGTAGCGGGTTTGAGAGGATGATCCGCCACACTGGGACTGAGACACGGCCCAGACTCCTACGGGAGGCAGCAGTGGGGAATATTGGACAATGGGCGCAAGCCTGATCCAGCCATGCCGCGTGTGTGAAGAAGGCCTTATGGTTGTAAAGCACTTTAAGCGAGGAGGAggcttacctggataatacctaggataagtGGACGTTACTCGCAGAATAAGCACCGGCTAACTCTGTGCCAGCAGCCGCGGTAATACAGAGGGTGCAAGCGTTAATCGGAATTACTGGGCGTAAAGCGCGCGTAGGTGGCCATTTAAGTCAAATGTGAAATCCCCGAGCTTAACTTGGGAATTGCATTCGATACTGGGTGGCTAGAGTATAGGAGAGGAAGGTAGAATTCCAGGTGTAGCGGTGAAATGCGTAGAGATCTGGAGGAATACCGATGGCGAAGGCAGCCTTCTGGCCTAATACTGACACTGAGGTGCGAAAGCATGGGGAGCAAACAGGATTAGATACCCTGGTAGTCCATGCCGTAAACGATGTCTACTAGCCGTTGGGTcctttgaggACTTAGTGGCGCAGCTAACGCGATAAGTAGACCGCCTGGGGAGTACGGTCGCAAGACTAAAACTCAAATGAATTGACGGGGGCCCGCACAAGCGGTGGAGCATGTGGTTTAATTCGATGCAACGCGAAGAACCTTACCTGGCCTTGACATACTAAGAACTTTCTAGAGATAGATTGgtgccttcgggaaCTTAGATACAGGTGCTGCATGGCTGTCGTCAGCTCGTGTCGTGAGATGTTGGGTTAAGTCCCGCAACGAGCGCAACCCTTTTCCTTACTTGCCAGCAtttcggaTGGGAACTTTAAGGATACTGCCAGTGACAAACTGGAGGAAGGCGGGGACGACGTCAAGTCATCATGGCCCTTACGGCCAGGGCTACACACGTGCTACAATGGTCGGTACAGAGGGTTGCTACACAGCGATGTGATGCTAATCTCAAAAAGCCGATCGTAGTCCGGATTGGAGTCTGCAACTCGACTCCATGAAGTCGGAATCGCTAGTAATCGCGGATCAGAATGCCGCGGTGAATACGTTCCCGGGCCTTGTACACACCGCCCGTCACACCATGGGAGTTTGTTGCACCAGAAGTAGATagtctaaccctcgggaggacGTTTACCACGGTGTGGCCAATGACTGGGGTGAAGTCGTAACAAGGTAACC
S003291678 Acinetobacter boissieri (T); SAP 284.1; JQ771141,AGAGTTTGATCATGGCTCAGATTGAACGCTGGCGGCAGGCTTAACACATGCAAGTCGAGCGggggaaagtagcttgctactgaccttAGCGGCGGACGGGTGAGTAATACTTAGGAATCTACCTATTAATGGGGGACAACGTTTCGAAAGGGACGCTAATACCGCATACGCCCTACGGGGGAAAGCaggggatcttcggaccttGCGTTAATAGATGAGCCTAAGCCGGATTAGCTAGTTGGTGGGGTAAAGGCCTACCAAGGCGACGATCTGTAGCGGGTTTGAGAGGATGATCCGCCACACTGGGACTGAGACACGGCCCAGACTCCTACGGGAGGCAGCAGTGGGGAATATTGGACAATGGGGGGAACCCTGATCCAGCCATGCCGCGTGTGTGAAGAAGGCCTTATGGTTGTAAAGCACTTTAAGCGAGGAGGAggcttacctaactaatacttaggataagtGGACGTTACTCGCAGAATAAGCACCGGCTAACTCTGTGCCAGCAGCCGCGGTAATACAGAGGGTGCAAGCGTTAATCGGAATTACTGGGCGTAAAGCGCGCGTAGGTGGCCAATTAAGTCAAATGTGAAATCCCCGAGCTTAACTTGGGAATTGCATTCGATACTGGTTGGCTAGAGTATAGGAGAGGAAGGTAGAATTCCAGGTGTAGCGGTGAAATGCGTAGAGATCTGGAGGAATACCGATGGCGAAGGCAGCCTTCTGGCCTAATACTGACACTGAGGTGCGAAAGCATGGGGAGCAAACAGGATTAGATACCCTGGTAGTCCATGCCGTAAACGATGTCTACTAGCCGTTGGGCcctttgaggGCTTAGTGGCGCAGCTAACGCGATAAGTAGACCGCCTGGGGAGTACGGTCGCAAGACTAAAACTCAAATGAATTGACGGGGGCCCGCACAAGCGGTGGAGCATGTGGTTTAATTCGATGCAACGCGAAGAACCTTACCTGGCCTTGACATAGTAGAAACTTTCTAGAGATAGATTGgtgccttcgggaaTCTACATACAGGTGCTGCATGGCTGTCGTCAGCTCGTGTCGTGAGATGTTGGGTTAAGTCCCGCAACGAGCGCAACCCTTTTCCTTATTTGCCAGCActtcgggTGGGAACTTTAAGGATACTGCCAGTGACAAACTGGAGGAAGGCGGGGACGACGTCAAGTCATCATGGCCCTTACGGCCAGGGCTACACACGTGCTACAATGGTCGGTACAGAGGGTTGCTACACAGCGATGTGATGCTAATCTCAAAAAGCCGATCGTAGTCCGGATTGGAGTCTGCAACTCGACTCCATGAAGTCGGAATCGCTAGTAATCGCGGATCAGAATGCCGCGGTGAATACGTTCCCGGGCCTTGTACACACCGCCCGTCACACCATGGGAGTTTGTTGCACCAGAAGTAGATagtctaaccctcgggaggacGTTTACCACGGTGTGGCCAATGACTGGGGTGAAGTCGTAACAAGGTAACC
S003614830 Acinetobacter apis (T); HYN18; JX402203,TGAGTTTGATCCTGGCTCAGATTGAACGCTGGCGGCAGGCTTAACACATGCAAGTCGAGCGggggaaagtagcttgctactgaccttAGCGGCGGACGGGTGAGTAATGCTTAGGAATCTGCCTATTAGTGGGGGACAACGTTTCGAAAGGGACGCTAATACCGCATACGCCCTACGGGGGAAAGCaggggatcttcggaccttGCGCTAATAGATGAGCCTAAGTCGGATTAGCTAGTTGGTAGGGTAAAGGCCTACCAAGGCGACGATCTGTAGCGGGTTTGAGAGGATGATCCGCCACACTGGGACTGAGACACGGCCCAGACTCCTACGGGAGGCAGCAGTGGGGAATATTGGACAATGGGCGAAAGCCTGATCCAGCCATGCCGCGTGTGTGAAGAAGGCCTTATGGTTGTAAAGCACTTTAAGCGAGGAGGAggcttacctagttaatacctaggataagtGGACGTTACTCGCAGAATAAGCACCGGCTAACTCTGTGCCAGCAGCCGCGGTAATACAGAGGGTGCAAGCGTTAATCGGAATTACTGGGCGTAAAGCGCGCGTAGGTGGCCATTTAAGTCAAATGTGAAATCCCCGAGCTTAACTTGGGAATTGCATTCGATACTGGGTGGCTAGAGTATAGGAGAGGAAGGTAGAATTCCAGGTGTAGCGGTGAAATGCGTAGAGATCTGGAGGAATACCGATGGCGAAGGCAGCCTTCTGGCCTAATACTGACACTGAGGTGCGAAAGCATGGGGAGCAAACAGGATTAGATACCCTGGTAGTCCATGCCGTAAACGATGTCTACTAGCCGTTGGGCcctttgaggGCTTAGTGGCGCAGCTAACGCGATAAGTAGACCGCCTGGGGAGTACGGTCGCAAGACTAAAACTCAAATGAATTGACGGGGGCCCGCACAAGCGGTGGAGCATGTGGTTTAATTCGATGCAACGCGAAGAACCTTACCTGGCCTTGACATACTAAGAACTTTCTAGAGATAGATTGgtgccttcgggaaCTTAGATACAGGTGCTGCATGGCTGTCGTCAGCTCGTGTCGTGAGATGTTGGGTTAAGTCCCGCAACGAGCGCAACCCTTTTCCTTATTTGCCAGCGagtaatgtCGGGAACTTTAAGGATACTGCCAGTGACAAACTGGAGGAAGGCGGGGACGACGTCAAGTCATCATGGCCCTTACGGCCAGGGCTACACACGTGCTACAATGGTCGGTACAGAGGGTTGCTACACAGCGATGTGATGCTAATCTCAAAAAGCCGATCGTAGTCCGGATTGGAGTCTGCAACTCGACTCCATGAAGTCGGAATCGCTAGTAATCGCGGATCAGAATGCCGCGGTGAATACGTTCCCGGGCCTTGTACACACCGCCCGTCACACCATGGGAGTTTGTTGCACCAGAAGTAGATagtctaaccctcgggaggacGTTTACCACGGTGTGGCCAATGACTGGGGTGAAGTCGTAACAAGGTAA
S000008928 Pseudomonas oleovorans (T); IAM 1508; D84018,AGTTTGATCCTGGCTCAGATTGAACGCTGGCGGCAGGCCTAACACATGCAAGTCGAGCGgatgagaggagcttgctcctcgattcAGCGGCGGACGGGTGAGTAATGCCTAGGAATCTGCCTAGTAGTGGGGGACAACGTTTCGAAAGGAACGCTAATACCGCATACGTCCTACGGGAGAAAGTgggggatcttcggacctcACGCTATTAGATGAGCCTAGGTCGGATTAGCTAGTTGGTAGGGTAAAGGCCTACCAAGGCGACGATCCGTAACTGGTCTGAGAGGATGATCAGTCACACTGGAACTGAGACACGATCCAGACTCCTACGGGAGGCAGCAGTGGGGAATATTGGACAATGGGCGAAAGCCTGATCCAGCCATGCCGCGTGTGTGAAGAAGGCCTTCGGGTCGTAAAGCACTTTAAGTTGGGAGGAagggctcatagcgaatacctgtgagtttTGACGTTACCAACAGAATAAGCACCGGCTAACTTCGTGCCAGCAGCCGCGGTAATACGAAGGGTGCAAGCGTTAATCGGAATTACTGGGCGTAAAGCGCGCGTAGGTGGTTGNATAAGTTGGATGTGAAATCCCCGGGCTCAACCTGGGAACTGCATCCAAAACTGTCTGGCTAGAGTGCGGTAGAGGGTAGTGGAATTTCCAGTGTAGCGGTGAAATGCGTAGATATTGGAAGGAACACCAGTGGCGAAGGCGACTACCTGGACTGACACTGACACTGAGGTGCGAAAGCGTGGGGAGCAAACAGGATTAGATACCCTGGTAGTCCACGCCGTAAACGATGTCAACTAGCCGTTGGGAtccttgagaTCTTAGTGGCGCAGCTAACGCATTAAGTTGACCGCCTGGGGAGTACGGCCGCAAGGTTAAAACTCAAATGAATTGACGGGGGCCCGCACAAGCGGTGGAGCATGTGGTTTAATTCGAAGCAACGCGAAGAACCTTACCTGGCCTTGACATGCTGAGAACTTTCCAGAGATGGATTGgtgccttcgggaaCTCAGACACAGGTGCTGCATGGCTGTCGTCAGCTCGTGTCGTGAGATGTTGGGTTAAGTCCCGTAACGAGCGCAACCCTTGTCCTTAGTTACCAGCAcgttatggTGGGCACTCTAAGGAGACTGCCGGTGACAAACCGGAGGAAGGTGGGGATGACGTCAAGTCATCATGGCCCTTACGGCCAGGGCTACACACGTGCTACAATGGTCGGTACAAAGGGTTGCCAAGCCGCGAGGTGGAGCTAACCCCATAAAACCGATCGTAGACCGGATCGCAGTCTGCAACTCGACTGCGTGAAGTCGGAATCGCTAGTAATCGTGAATCAGAACGTCACGGTGAATACGTTCCCGGGCCTTGTACACACCGCCCGTCACACCATGGGAGTGGGTTGCTCCAGAAGTAGCTagtctaaccctcgggaggacGGTTACCACGGAGTGATTCATGACTGGGTGAAGTCGTAACAAGGTAGCCGTAGGGGAACCTGCGGCTGGATCACCTCCTT
S000416841 Pseudomonas psychrotolerans (T); type strain: C36; AJ575816,ATTGAACGCTGGCGGCAGGCCTAACACATGCAAGTCGAGCGgatgagaggagcttgctcctcgattcAGCGGCGGACGGGTGAGTAATGCCTAGGAATCTGCCTAGTAGTGGGGGACAACGTTTCGAAAGGAACGCTAATACCGCATACGTCCTACGGGAGAAAGTgggggatcttcggacctcACGCTATTAGATGAGCCTAGGTCGGATTAGCTAGTTGGTAGGGTAAAGGCCTACCAAGGCGACGATCCGTAACTGGTCTGAGAGGATGATCAGTCACACTGGAACTGAGACACGGTCCAGACTCCTACGGGAGGCAGCAGTGGGGAATATTGGACAATGGGCGAAAGCCTGATCCAGCCATGCCGCGTGTGTGAAGAAGGCCTTCGGGTCGTAAAGCACTTTAAGTTGGGAGGAagggctcatagcgaatacctgtgagtttTGACGTTACCAACAGAATAAGCACCGGCTAACTTCGTGCCAGCAGCCGCGGTAATACGAAGGGTGCAAGCGTTAATCGGAATTACTGGGCGTAAAGCGCGCGTAGGTGGCTTGATAAGTTGGATGTGAAATCCCCGGGCTCAACCTGGGAACTGCATCCAAAACTGTCTGGCTAGAGTGCGGTAGAGGGTAGTGGAATTTCCAGTGTAGCGGTGAAATGCGTAGATATTGGAAGGAACACCAGTGGCGAAGGCGACTACCTGGACTGACACTGACACTGAGGTGCGAAAGCGTGGGGAGCAAACAGGATTAGATACCCTGGTAGTCCACGCCGTAAACGATGTCAACTAGCCGTTGGGAtccttgagaTCTTAGTGGCGCAGCTAACGCATTAAGTTGACCGCCTGGGGAGTACGGCCGCAAGGTTAAAACTCAAATGAATTGACGGGGGCCCGCACAAGCGGTGGAGCATGTGGTTTAATTCGAAGCAACGCGAAGAACCTTACCTGGCCTTGACATGCTGAGAACTTTCCAGAGATGGATTGgtgccttcgggaaCTCAGACACAGGTGCTGCATGGCTGTCGTCAGCTCGTGTCGTGAGATGTTGGGTTAAGTCCCGTAACGAGCGCAACCCTTGTCCTTAGTTACCAGCAcgttatggTGGGCACTCTAAGGAGACTGCCGGTGACAAACCGGAGGAAGGTGGGGATGACGTCAAGTCATCATGGCCCTTACGGCCAGGGCTACACACGTGCTACAATGGTCGGTACAAAGGGTTGCCAAGCCGCGAGGTGGAGCTAATCCCATAAAACCGATCGTAGTCCGGATCGCAGTCTGCAACTCGACTGCGTGAAGTCGGAATCGCTAGTAATCGTGAATCAGAACGTCACGGTGAATACGTTCCCGGGCCTTGTACACACCGCCCGTCACACCATGGGAGTGGGTTGCTCCAGAAGTAGCTagtctaaccttcgggaggacGGTTACCACGGAGTGATTCATGACTGGGGTG
S000903111 Pseudomonas duriflava (T); HR2; EU046271,CTACACATGCAAGTCGAGCGgatgaggagagcttgctctctgattcAGCGGCGGACGGGTGAGTAATGCCTAGGAATCTGCCTGATAGTGGGGGACAACGTTTCGAAAGGAACGCTAATACCGCATACGTCCTACGGGAGAAAGTgggggatcttcggacctcACGCTATCAGATGAGCCTAGGTCGGATTAGCTAGTAGGTGAGGTAATGGCTCACCTAGGCGACGATCCGTAACTGGTCTGAGAGGATGATCAGTCACACTGGAACTGAGACACGGTCCAGACTCCTACGGGAGGCAGCAGTGGGGAATATTGGACAATGGGCGAAAGCCTGATCCAGCCATGCCGCGTGTGTGAAGAAGGCCCTCGGGTCGTAAAGCACTTTAAGCTGGGAGGAagggttgtaacctaatacgttgcagcttTGACGTTACCAGCAGAATAAGCACCGGCTAACTCTGTGCCAGCAGCCGCGGTAATACAGAGGGTGCAAGCGTTAATCGGAATTACTGGGCGTAAAGCGCGCGTAGGTGGCTTGATAAGTTGGATGTGAAATCCCCGGGCTCAACCTGGGAACTGCATCCAAAACTGTCTGGCTAGAGTACGGTAGAGGGTGGTGGAATTTCCTGTGTAGCGGTGAAATGCGTAGATATAGGAAGGAACACCAGTGGCGAAGGCGACCACCTGGACTGATACTGACACTGAGGTGCGAAAGCGTGGGGAGCAAACAGGATTAGATACCCTGGTAGTCCACGCCGTAAACGATGTCAACTAGCCGTTGGGTtccttgaggACTTAGTGGCGCAGCTAACGCAATAAGTTGACCGCCTGGGGAGTACGGCCGCAAGGTTAAAACTCAAATGAATTGACGGGGGCCCGCACAAGCGGTGGAGCATGTGGTTTAATTCGAAGCAACGCGAAGAACCTTACCTGGCCTTGACATGCTGCGAATCTGAGAGAGATCTCGGAgtgccttcgggaaCGCAGACACAGGTGCTGCATGGCTGTCGTCAGCTCGTGTCGTGAGATGTTGGGTTAAGTCCCGTAACGAGCGCAACCCTTGTCCTTAGTTACCAGCAcgttatggTGGGCACTCTAAGGAGACTGCCGGTGACAAACCGGAGGAAGGTGGGGATGACGTCAAGTCATCATGGCCCTTACGGCCAGGGCTACACACGTGCTACAATGGTCGGTACAAAGGGTTGCCAAGCCGCGAGGTGGAGCTAATCTCAGAAAACCGATCGTAGTCCGGATCGCAGTCTGCAACTCGACTGCGTGAAGTCGGAATCGCTAGTAATCGTGAATCAGAACGTCACGGTGAATACGTTCCCGGGCCTTGTACACACCGCCCGTCACACCATGGGAGTGGGTTGCACCAGAAGTAGCTagtctaaccttcgGGAG
S002910132 Paenibacillus hordei (T); RHN24; HQ833590,GACGAACGCTGGCGGCGTGCCTAATACGTGCAAGTCGAGCGgggttgatgagaagcttgcttctcagatacttAGCGGCGGACGGGTGAGTAACACGTAGGCAACCTGCCCTCAAGCTTGGGACAACTACCGGAAACGGTAGCTAATACCGAATACATGATTTGTTCGCCTGAACGAATTTgGAAAGAcggagcaatctgTCACTTGAGGATGGGCCTGCGGCGCATTAGCTAGTTGGTGAGGTAACGGCTCACCAAGGCGACGATGCGTAGCCGACCTGAGAGGGTGATCGGCCACACTGGGACTGAGACACGGCCCAGACTCCTACGGGAGGCAGCAGTAGGGAATCTTCCGCAATGGACGCAAGTCCGACGGAGCAACGCCGCGTGAGTGATGAAGGTTTTCGGATCGTAAAGCTCTGTTGCCAGGGAAGAacgtccaagttagtaactgaacttggagTGACGGTACCTGAGAAGAAAGCCCCGGCTAACTACGTGCCAGCAGCCGCGGTAATACGTAGGGGGCAAGCGTTGTCCGGAATTATTGGGCGTAAAGCGCGCGCAGGCGGCTTTTTAAGTCCGGTGTCACAGCCCAAGGCTCAACCTTGGGTCGCACTGGAAACTGGAGAGCTTGAGTACAGAAGAGGAAAGTGGAATTCCACGTGTAGCGGTGAAATGCGTAGAGATGTGGAGGAACACCAGTGGCGAAGGCGACTTTCTGGGCTGTAACTGACGCTGAGGCGCGAAAGCGTGTGAGCAAACAGGATTAGATACCCTGGTAGTCCACGCCGTAAACGATGAATGCTAGGTGTTAGGGgtttcgatacCCTTGGTGCCGAAGTTAACACATTAAGCATTCCGCCTGGGGAGTACGGTCGCAAGACTGAAACTCAAAGGAATTGACGGGGACCCGCACAAGCAGTGGAGTATGTGGTTTAATTCGAAGCAACGCGAAGAACCTTACCAAGTCTTGACATCCCTTTgACCGGTGTAGAGATATGCCTttccttcgggacAAAGGAGACAGGTGGTGCATGGTTGTCGTCAGCTCGTGTCGTGAGATGTTGGGTTAAGTCCCGCAACGAGCGCAACCCTTATGCTTAGTTGCCAGCAcatcatggTGGGCACTCTAAGCAGACTGCCGGTGACAAACCGGAGGAAGGTGGGGATGACGTCAAATCATCACGCCCCTTATGACTTGGGCTACACACGTACTACAATGGCCGGTACAGCGGGAAGCAATACCGCAAGGTGGAGCCAATCCTTAAAAGCCGGTCTCAGTTCGGATTGCAGGCTGCAACTCGCCTGCATGAAGTCGGAATTGCTAGTAATCGCGGATCAGCATGCCGCGGTGAATACGTTCCCGGGTCTTGTACACACCGCCCGTCACACCACGAGAGTTTGCAACACCCGAAGTCGGTggggtaaccgcaaggagccaGCCGCCGAAGGTGGGGTAGATGATTGGGGTG
S004221904 Paenibacillus nicotianae (T); YIM h19; KJ792471,ctGCCCTTCAGAGTTTGATCCTGGCTCAGGACGAACGCTGGCGGCGTGCCTAATACATGCAAGTCGAGCGgagaatgaaggaagcttgcttcttttattcttAGCGGCGGACGGGTGAGTAACACGTAGGCAACCTGCCCTCAAGCTTGGGACAACTACCGGAAACGGTAGCTAATACCGAATACATGATTTGTTCGCCTGAACGAATTTgGAAAGAcggagcaatctgTCACTTGAGGATGGGCCTGCGGCGCATTAGCTAGTTGGTGAGGTAACGGCTCACTAAGGCGACGATGCGTAGCCGACCTGAGAGGGTGATCGGCCACACTGGGACTGAGACACGGCCCAGACTCCTACGGGAGGCAGCAGTAGGGAATCTTCCGCAATGGACGCAAGTCTGACGGAGCAACGCCGCGTGAGTGATGAAGGTTTTCGGATCGTAAAGCTCTGTTGCCAGGGAAGAacgtccggattagtaactgaatccggagTGACGGTACCTGAGAAGAAAGCCCCGGCTAACTACGTGCCAGCAGCCGCGGTAATACGTAGGGGGCAAGCGTTGTCCGGAATTATTGGGCGTAAAGCGCGCGCAGGCGGCTTTTTAAGTCCGGTGTCACAGCCCAAGGCTCAACCTTGGGTCGCACTGGAAACTGGAGAGCTTGAGTACAGGAGAGGAAAGTGGAATTCCACGTGTAGCGGTGAAATGCGTAGAGATGTGGAGGAACACCAGTGGCGAAGGCGACTTTCTGGGCTGTAACTGACGCTGAGGCGCGAAAGCGTGGGGAGCAAACAGGATTAGATACCCTGGTAGTCCACGCCGTAAACGATGAATGCTAGGTGTTAGGGgtttcgatacCCTTGGTGCCGAAGTTAACACATTAAGCATTCCGCCTGGGGAGTACGGTCGCAAGACTGAAACTCAAAGGAATTGACGGGGACCCGCACAAGCAGTGGAGTATGTGGTTTAATTCGAAGCAACGCGAAGAACCTTACCAAGTCTTGACATCCCTTTgACCGGTGTAGAGATATGCCTttccttcgggacAAAGGAGACAGGTGGTGCATGGTTGTCGTCAGCTCGTGTCGTGAGATGTTGGGTTAAGTCCCGCAACGAGCGCAACCCTTATGCTTAGTTGCCAGCAcatcatggTGGGCACTCTAAGCAGACTGCCGGTGACAAACCGGAGGAAGGTGGGGATGACGTCAAATCATCATGCCCCTTATGACTTGGGCTACACACGTACTACAATGGCCGGTACAACGGGAAGCAATACCGCAAGGTGGAGCCAATCCTTAAAAGCCGGTCTCAGTTCGGATTGCAGGCTGCAACTCGCCTGCATGAAGTCGGAATTGCTAGTAATCGCGGATCAGCATGCCGCGGTGAATACGTTCCCGGGTCTTGTACACACCGCCCGTCACACCACGAGAGTTTGCAACACCCGAAGTCGGTggggtaaccgcaaggagccaGCCGCCGAAGGTGGGGTAGATGATTGGGGTGAAGTCGTAACAAGGTAGCCGTATCGGAAGGTGCGGCTGGATCACCTCCTAAgggcagctggcgtaa
S004234628 Paenibacillus salinicaeni (T); LAM0A28; KM260652,GGGGCCAGGCATGCGCGTGCTATACATGCAGTCGAGCGgagttaatcaggagcttgctcctgattaacttAGCGGCGGACGGGTGAGTAACACGTAGGCAACCTACCCTCTAGACTGGGATAACTACCGGAAACGGTAGCTAATACCGGATAATTCCCTGACCCACCTGGGATAGGGAtGAAAGGcggagcaatctgCTACTAGAGGATGGGCCTGCGGCGCATTAGCTAGTTGGTGGGGTAACGGCCCACCAAGGCGACGATGCGTAGCCGACCTGAGAGGGTGAACGGCCACACTGGGACTGAGACACGGCCCAGACTCCTACGGGAGGCAGCAGTAGGGAATCTTCCGCAATGGGCGAAAGCCTGACGGAGCAACGCCGCGTGAGTGATGAAGGTTTTCGGATCGTAAAGCTCTGTTGCCAGGGAAGAacgtccggtagagtaactgctgccggagTGACGGTACCTGAGAAGAAAGCCCCGGCTAACTACGTGCCAGCAGCCGCGGTAATACGTAGGGGGCAAGCGTTGTCCGGAATTATTGGGCGTAAAGCGCGCGCAGGCGGCTATTTAAGTCTGGTGTTTAAACCTTGGGCTCAACCTGGGGTCGCACTGGAAACTGGGTGGCTTGAGTACAGAAGAGGAAAGTGGAATTCCACGTGTAGCGGTGAAATGCGTAGAGATGTGGAGGAACACCAGTGGCGAAGGCGACTTTCTGGGCTGTAACTGACGCTGAGGCGCGAAAGCGTGGGGAGCAAACAGGATTAGATACCCTGGTAGTCCACGCCGTAAACGATGAGTGCTAGGTGTTAGGGgtttcgatacCCTTGGTGCCGAAGTTAACACAGTAAGCACTCCGCCTGGGGAGTACGGTCGCAAGACTGAAACTCAAAGGAATTGACGGGGACCCGCACAAGCAGTGGAGTATGTGGTTTAATTCGAAGCAACGCGAAGAACCTTACCAGGTCTTGACATCCAACTAACGAAGCAGAGATGCATTAggtgcccttcggggaaAGTTGAGACAGGTGGTGCATGGTTGTCGTCAGCTCGTGTCGTGAGATGTTGGGTTAAGTCCCGCAACGAGCGCAACCCTTGACTTTAGTTGCCAGCAggtgaagcTGGGCACTCTAGAGTGACTGCCGGTGACAAACCGGAGGAAGGTGGGGATGACGTCAAATCATCATGCCCCTTATGACCTGGGCTACACACGTACTACAATGGCCGGTACAACGGGAAGCGAAGCCGCGAGGTGGAGCCAATCCCAgCAAAGCCGGTCTCAGTTCGGATTGCAGGCTGCAACTCGCCTGCATGAAGTCGGAATTGCTAGTAATCGCGGATCAGCATGCCGCGGTGAATACGTTCCCGGGTCTTGTACACACCGCCCGTCACACCACGAGAGTTTACAACACCCGAAGTCGGTggggaacccgcaagggagccagccgccgaagtggtaggatgacttGCCCCC
S000004837 Apilactobacillus kunkeei (T); YH15; Y11374,GACGAACGCTGGCGGCGTGCCTAATACATGCAAGTCGAACGagctctcccaaattgattttatgcttgcataaatgatttttggattcggagcgAGTGGCGAACTGGTGAGTAACACGTGGGTAACCTGCCCCGAAGCGGGGGATAACATTTGGAAACAAGTGCTAATACCGCATAATtAGTTGGAACCGCATGGTTCCAACTtGAAAGAtggctctgctaTCACTTTGGGATGGACCCGCGCCGTATTAGTTAGTTGGTGAGATAAAAGCCCACCAAGACGATGATACGTAGCCGACCTGAGAGGGTAATCGGCCACATTGGGACTGAGACACGGCCCAGACTCCTACGGGAGGCAGCAGTAGGGAATCTTCCACAATGGACGAAAGTCTGATGGAGCAACGCCGCGTGAGTGATGAAGGTTTTCGGATCGTAAAACTCTGTTGTTAAAGAAGAacaagtgttagagtaactgttaacacttTGACGGTATTTAACCAGAAAGCCACGGCTAACTACGTGCCAGCAGCCGCGGTAATACGTAGGTGGCAAGCGTTGTCCGGATTTATTGGGCGTAAAGCGAGCGCAGGCGGTTTTGTAAGTCTGCTGTGAAAGCCCTCAGCTCAACTGAGGAAGTGCAGTGGAAACTACAAAACTTGAGTACAGAAGAGGAAAGTGGAACTCCATGTGTAGCGGTGAAATGCGTAGATATATGGAAGAACACCAGTGGCGAAGGCGGCTTTCTGGTCTGTTACTGACGCTGAGGCTCGAAAGCATGGGTAGCGAACAGGATTAGATACCCTGGTAGTCCATGCCGTAAACGATGAATACTAGGTGTTGGAGggtttccgccCTTCAGTGCCGCAGCTAACGCATTAAGTATTCCGCCTGGGGAGTACGACCGCAAGGTTGAAACTCAAAGGAATTGACGGGGGCCCGCACAAGTGGTGGAGCATGTGGTTTAATTCGATGCTACGCGAAGAACCTTACCAGCTCTTGACATCTTCTGCCAACCCAAGAGATTGGGCGttcccttcggggaCAGAATGACAGGTGGTGCATGGTTGTCGTCAGCTCGTGTCGTGAGATGTTGGGTTAAGTCCCGCAACGAGCGCAACCCTTATTATTAGTTGCCAGCAtttagtTGGGCACTCTAGTGAGACTGCCGGTGATAAACCGGAGGAAGGTGGGGACGACGTCAAATCATCATGCCCCTTATGAGCTGGGCTACACACGTGCTACAATGGATGGTACAACGAGTCGCGAAACCGCGAGGTCAAGCTAATCTCTTAAAGCCATTCTCAGTTCGGATTGCAGGCTGCAACTCGCCTGCATGAAGTTGGAATCACTAGTAATCGTGGATCAGCATGCCACGGTGAATACGTTCCCGGGCCTTGTACACACCGCCCGTCACACCATGAGAGTTTGTAACACCCAAAGACGATggggtaaccttttaggagctaGTCGTCTAAGGTGGGACAGATGATTAGGGTGAAGTCGTAACAAGGTAGCCGT
S004044219 Apilactobacillus apinorum (T); Fhon13N; JX099541,TGCAAGTCGAACGagctctcccaaattgattttatgcttgcataaatgatttttggattcggagcgAGTGGCGAACTGGTGAGTAACACGTGGGTAACCTGCCCCGAAGCGGGGGATAACATTTGGAAACAAATGCTAATACCGCATAATtAGTCAGAACCGCATGGTTCCGACTtAAAAGAtggctctgctaTCACTTCGGGATGGACCCGCGCCGTATTAGTTAGTTGGTGAGATAAAAGCCCACCAAGACGATGATACGTAGCCGACCTGAGAGGGTAATCGGCCACATTGGGACTGAGACACGGCCCAGACTCCTACGGGAGGCAGCAGTAGGGAATCTTCCACAATGGACGAAAGTCTGATGGAGCAACGCCGCGTGAGTGATGAAGGGTTTCGGCTCGTAAAACTCTGTTGTTAAAGAAGAacaagcatgagagtaactgttcatgcttTGACGGTATTTAACCAGAAAGCCACGGCTAACTACGTGCCAGCAGCCGCGGTAATACGTAGGTGGCAAGCGTTGTCCGGATTTATTGGGCGTAAAGCGAGCGCAGGCGGTTTTGTAAGTCTGCTGTGAAAGCCCTCAGCTCAACTGAGGAAGTGCAGTGGAAACTACAAAACTTGAGTACAGAAGAGGAAAGTGGAACTCCATGTGTAGCGGTGAAATGCGTAGATATATGGAAGAACACCAGTGGCGAAGGCGGCTTTCTGGTCTGTTACTGACGCTGAGGCTCGAAAGCATGGGTAGCGAACAGGATTAGATACCCTGGTAGTCCATGCCGTAAACGATGAATACTAGGTGTTGGAGggtttccgccCTTCAGTGCCGCAGCTAACGCATTAAGTATTCCGCCTGGGGAGTACGACCGCAAGGTTGAAACTCAAAGGAATTGACGGGGGCCCGCACAAGTGGTGGAGCATGTGGTTTAATTCGATGCTACGCGAAGAACCTTACCAGCTCTTGACATCTTCTGCCAACCTAAGAGATTAGGCGttcccttcggggaCAGAATGACAGGTGGTGCATGGTTGTCGTCAGCTCGTGTCGTGAGATGTTGGGTTAAGTCCCGCAACGAGCGCAACCCTTATTATTAGTTGCCAGCAtttagtTGGGCACTCTAGTGAGACTGCCGGTGATAAACCGGAGGAAGGTGGGGATGACGTCAAATCATCATGCCCCTTATGAGCTGGGCTACACACGTGCTACAATGGATGGTACAACGAGTCGCGAAACCGCGAGGTCAAGCTAATCTCTTAAAGCCATTCTCAGTTCGGATTGCAGGCTGCAACTCGCCTGCATGAAGTTGGAATCACTAGTAATCGTGGATCAGCATGCCACGGTGAATACGTTCCCGGGCCTTGTACACACCGCCCGTCACACCATGAGAGTTTGTAACACCCAAAGACGATggggtaacctttaggagctaGTCGTCTAA
S004044221 Bombilactobacillus mellifer (T); Bin4N; JX099543,TGCAAGTCGAGCGagcgagatgaacggaatacttcggtaggaagttcagattgcgAGCGGCGGATGGGTGAGTAACACGTAGGCAATCTACCCTTAAGCGGGGGATAACACCTGGAAACAGGTGCTAATACCGCATAAAACTAAGGACGCCTGTTCTAAAGTtAAAAGAcggtgagagctgTCACTTAAGGATGAGCCTGCGGCGTATTAGCTAGTTGGCAAGGTAAGAGCTTACCAAGGCGATGATACGTAGCCGACCTGAGAGGGTAATCGGCCACATTGGGACTGAGACACGGCCCAAACTCCTACGGGAGGCAGCAGTAGGGAATCTTCCACAATGGACGCAAGTCTGATGGAGCAACGCCGCGTGGATGAAGAAGGTCTTCGGATCGTAAAATCCTGTTGTTGAAGAAGAacgtatgtgagagtaactgctcagatagTGACGGTATTCAACCAGAAAGTCACGGCTAACTACGTGCCAGCAGCCGCGGTAATACGTAGGTGGCAAGCGTTGTCCGGATTTATTGGGCGTAAAGGGAGCGCAGGCGGTTAAATAAGTCTGggATGTGAAAGCCCTCAGCTCAACTGAGGAATTGCAACGGAAACTGTTTAACTTGAGTGCAGAAGAGGAGAGTGGAACTCCATGTGTAGCGGTGAAATGCGTAGATATATGGAAGAACACCAGTGGCGAAGGCGGCTCTCTGGTCTGTCACTGACGCTGAGGCTCGAAAGCATGGGTAGCGAACAGGATTAGATACCCTGGTAGTCCATGCCGTAAACGATGAGTGCTAAGTGTTGGGAggtttccgccTTTCAGTGCTGCAGCAAACGCATTAAGCACTCCGCCTGGGGAGTACGACCGCAAGGTTGAAACTCAAAGGAATTGACGGGGGCCCGCACAAGCGGTGGAGCATGTGGTTTAATTCGAAGCAACGCGAAGAACCTTACCAGGTCTTGACATCTCCTGCGAGCCTAAGAGATTAGGTGttcccttcggggaCAGGAAGACAGGTGGTGCATGGTTGTCGTCAGCTCGTGTCGTGAGATGTTGGGTTAAGTCCCGCAACGAGCGCAACCCTTGTTACTAGTTGCCAGCAttaagtTGGGCACTCTAGTGAGACTGCCGGTGACAAACCGGAGGAAGGTGGGGACGACGTCAAATCATCATGCCCCTTATGACCTGGGCTACACACGTGCTACAATGGATGGTACAACGAGCAGCGAACTCGTGAGGGCAAGCGAATCTCTGAAAACCATTCTCAGTTCGGATTGCAGGCTGCAACTCGCCTGCATGAAGTTGGAATCGCTAGTAATCGCGGATCAGCATGCCGCGGTGAATACGTTCCCGGGCCTTGTACACACCGCCCGTCACACCATGAGAGTTTGTAACACCCAAAGCCGGTgcggcaacccgtaagggagccaGCCGTCTAA
Sequence_5  ,TACGTAGGTGGCAAGCGTTGTCCGGATTTATTGGGCGTAAAGCGAGCGCAGGCGGTTTTGTAAGTCTGCTGTGAAAGCCCTCAGCTCAACTGAGGAAGTGCAGTGGAAACTACAAAACTTGAGTACAGAAGAGGAAAGTGGAACTCCATGTGTAGCGGTGAAATGCGTAGATATATGGAAGAACACCAGTGGCGAAGGCGGCTTTCTGGTCTGTTACTGACGCTGAGGCTCGAAAGCATGGGTAGCGAACAGG
Sequence_8,TACGGAGGGTGCGAGCGTTAATCGGAATTACTGGGCGTAAAGGGCACGCAGGCGGTTAATTAAGTTGGATGTGAAATCCCCGGGCTTAACCTGGGAATGGCATTCAAGACTGGTTAGCTAGAGTCTTGTAGAGGGGGGTAGAATTCCATGTGTAGCGGTGAAATGCGTAGAGATGTGGAGGAATACCGGTGGCGAAGGCGGCCCCCTGGACAGAGACTGACGCTCATGTGCGAAAGCGTGGGGAGCAAACAGG
Sequence_9,TACAGAGGGTGCAAGCGTTAATCGGAATTACTGGGCGTAAAGCGCGCGTAGGTGGCCATTTAAGTCAAATGTGAAATCCCCGAGCTTAACTTGGGAATTGCATTCGATACTGGGTGGCTAGAGTATAGGAGAGGAAGGTAGAATTCCAGGTGTAGCGGTGAAATGCGTAGAGATCTGGAGGAATACCGATGGCGAAGGCAGCCTTCTGGCCTAATACTGACACTGAGGTGCGAAAGCATGGGGAGCAAACAGG
Sequence_18,TACGGAGGGTGCAAGCGTTAATCGGAATTACTGGGCGTAAAGCGCACGCAGGCGGTTTGTTAAGTCAGATGTGAAATCCCCGGGCTCAACCTGGGAACTGCATTTGAAACTGGCAAGCTTGAGTCTTGTAGAGGGGGGTAGAATTCCAGGTGTAGCGGTGAAATGCGTAGAGATCTGGAGGAATACCGGTGGCGAAGGCGGCCCCCTGGACAAAGACTGACGCTCAGGTGCGAAAGCGTGGGGAGCAAACAGG
Sequence_33,TACGAAGGGTGCAAGCGTTAATCGGAATTACTGGGCGTAAAGCGCGCGTAGGTGGCTTGATAAGTTGGATGTGAAATCCCCGGGCTCAACCTGGGAACTGCATCCAAAACTGTCTGGCTAGAGTGTGGTAGAGGGTAGTGGAATTTCCAGTGTAGCGGTGAAATGCGTAGATATTGGAAGGAACACCAGTGGCGAAGGCGACTACCTGGACTAACACTGACACTGAGGTGCGAAAGCGTGGGGAGCAAACAGG
Sequence_35,TACGGAGGGTGCAAGCGTTAATCGGAATTACTGGGCGTAAAGCGCACGCAGGCGGTCTGTTAAGTCAGATGTGAAATCCCCGGGCTTAACCTGGGAACTGCATTTGAAACTGGCAGGCTTGAGTCTTGTAGAGGGGGGTAGAATTCCAGGTGTAGCGGTGAAATGCGTAGAGATCTGGAGGAATACCGGTGGCGAAGGCGGCCCCCTGGACAAAGACTGACGCTCAGGTGCGAAAGCGTGGGGAGCAAACAGG
Sequence_37,TACGGAGGGGGCTAGCGTTGTTCGGAATTACTGGGCGTAAAGCGCACGTAGGCGGCTTTGTAAGTCAGAGGTGAAAGCCTGGAGCTCAACTCCAGAACTGCCTTTGAGACTGCATCGCTTGAATCCAGGAGAGGTCAGTGGAATTCCGAGTGTAGAGGTGAAATTCGTAGATATTCGGAAGAACACCAGTGGCGAAGGCGGCTGACTGGACTGGTATTGACGCTGAGGTGCGAAAGCGTGGGGAGCAAACAGG
Sequence_40,TACGAAGGGGGCTAGCGTTGCTCGGAATGACTGGGCGTAAAGGGCGCGTAGGCGGTTTAAGCAGTCAGATGTGAAATCCCCGGGCTTAACCTGGGAACTGCATTTGAGACGCTTAGACTAGAGTTCGAGAGAGGGTTGTGGAATTCCCAGTGTAGAGGTGAAATTCGTAGATATTGGGAAGAACACCGGTGGCGAAGGCGGCAACCTGGCTCGATACTGACGCTGAGGCGCGAAAGCGTGGGGAGCAAACAGG
Sequence_75,TACGTAGGGTGCAAGCGTTAATCGGAATTACTGGGCGTAAAGCGTGCGCAGGCGGTTTTGTAAGTCTGTCGTGAAAGCCCCGGGCTCAACCTGGGAATTGCGATGGAGACTGCAAGGCTTGAATCTGGCAGAGGGGGGTAGAATTCCACGTGTAGCAGTGAAATGCGTAGAGATGTGGAGGAACACCGATGGCGAAGGCAGCCCCCTGGGTCAAGATTGACGCTCATGCACGAAAGCGTGGGGAGCAAACAGG
Sequence_82,TACGAAGGGGGCTAGCGTTGCTCGGAATGACTGGGCGTAAAGGGCGCGTAGGCTGTTTGTACAGTCAGATGTGAAATCCCCGGGCTTAACCTGGGAACTGCATTTGATACGTACAGACTAGAGTCCGAGAGAGGGTTGTGGAATTCCCAGTGTAGAGGTGAAATTCGTAGATATTGGGAAGAACACCGGTTGCGAAGGCGGCAACCTGGCTCGGTACTGACGCTGAGGCGCGAAAGCGTGGGGAGCGAACAGG
Sequence_97,TACGTAGGGTGCAAGCGTTGTCCGGAATTATTGGGCGTAAAGAGCTCGTAGGCGGTTTGTCGCGTCTGCTGTGAAATCCCGAGGCTCAACCTCGGGCTTGCAGTGGGTACGGGCAGACTAGAGTGCGGTAGGGGAGATTGGAATTCCTGGTGTAGCGGTGGAATGCGCAGATATCAGGAGGAACACCGATGGCGAAGGCAGATCTCTGGGCCGTAACTGACGCTGAGGAGCGAAAGCATGGGGAGCGAACAGG
Sequence_99,TACGTAGGGGGCAAGCGTTGTCCGGAATTATTGGGCGTAAAGCGCGCGCAGGCGGCTTTTTAAGTCCGGTGTCACAGCCCAAGGCTCAACCTTGGGTCGCACTGGAAACTGGAGAGCTTGAGTACAGAAGAGGAAAGTGGAATTCCACGTGTAGCGGTGAAATGCGTAGAGATGTGGAGGAACACCAGTGGCGAAGGCGACTTTCTGGGCTGTAACTGACGCTGAGGCGCGAAAGCGTGGGGAGCAAACAGG
Sequence_103,TACGAAGGGGGCTAGCGTTGCTCGGAATCACTGGGCGTAAAGGGCGCGTAGGCGGCGTTTTAAGTCGGGGGTGAAAGCCTGTGGCTCAACCACAGAATGGCCTTCGATACTGGGACGCTTGAGTATGGTAGAGGTTGGTGGAACTGCGAGTGTAGAGGTGAAATTCGTAGATATTCGCAAGAACACCGGTGGCGAAGGCGGCCAACTGGACCATTACTGACGCTGAGGCGCGAAAGCGTGGGGAGCAAACAGG
Sequence_117,TACGAAGGGGGCTAGCGTTGTTCGGAATTACTGGGCGTAAAGCGCACGTAGGCGGACATTTAAGTCAGGGGTGAAATCCCGGGGCTCAACCCCGGAACGGCCTTTGATACTGGGTGTCTTGAGTTCGGAAGAGGTGAGTGGAATTGCGAGTGTAGAGGTGAAATTCGTAGATATTCGCAGGAACACCAGTGGCGAAGGCGGCTCACTGGTCCGATACTGACGCTGAGGTGCGAAAGCGTGGGGAGCAAACAGG